segment_id,test_point_id,date,pipe_to_soil_v,on_potential_v,current_ma,criteria_met,standard
SEG-01,TP-01-1,2025-06-01,-0.828,-1.214,3.33,Fail,NACE SP0169
SEG-01,TP-01-2,2025-06-01,-0.886,-1.004,4.46,Pass,NACE SP0169
SEG-01,TP-01-3,2025-06-01,-0.795,-0.94,4.7,Fail,NACE SP0169
SEG-02,TP-02-1,2025-06-01,-0.726,-0.837,2.28,Fail,NACE SP0169
SEG-02,TP-02-2,2025-06-01,-0.763,-0.913,1.55,Fail,NACE SP0169
SEG-02,TP-02-3,2025-06-01,-0.855,-1.085,2.65,Pass,NACE SP0169
SEG-03,TP-03-1,2025-06-01,-0.909,-1.057,3.8,Pass,NACE SP0169
SEG-03,TP-03-2,2025-06-01,-0.9,-1.145,3.72,Pass,NACE SP0169
SEG-03,TP-03-3,2025-06-01,-0.761,-1.133,1.28,Fail,NACE SP0169
SEG-04,TP-04-1,2025-06-01,-0.785,-1.028,4.54,Fail,NACE SP0169
SEG-04,TP-04-2,2025-06-01,-0.793,-0.943,2.82,Fail,NACE SP0169
SEG-04,TP-04-3,2025-06-01,-0.742,-1.082,4.63,Fail,NACE SP0169
SEG-05,TP-05-1,2025-06-01,-0.831,-1.003,1.52,Fail,NACE SP0169
SEG-05,TP-05-2,2025-06-01,-0.876,-1.187,2.28,Pass,NACE SP0169
SEG-05,TP-05-3,2025-06-01,-0.905,-1.102,3.04,Pass,NACE SP0169
SEG-06,TP-06-1,2025-06-01,-0.872,-1.121,0.94,Pass,NACE SP0169
SEG-06,TP-06-2,2025-06-01,-0.983,-1.214,1.92,Pass,NACE SP0169
SEG-06,TP-06-3,2025-06-01,-0.988,-1.366,3.48,Pass,NACE SP0169
SEG-07,TP-07-1,2025-06-01,-0.782,-1.084,0.55,Fail,NACE SP0169
SEG-07,TP-07-2,2025-06-01,-0.692,-0.951,1.38,Fail,NACE SP0169
SEG-07,TP-07-3,2025-06-01,-0.881,-1.098,3.63,Pass,NACE SP0169
SEG-01,TP-01-1,2025-06-02,-0.815,-1.074,1.39,Fail,NACE SP0169
SEG-01,TP-01-2,2025-06-02,-0.661,-0.867,1.14,Fail,NACE SP0169
SEG-01,TP-01-3,2025-06-02,-0.781,-0.904,4.38,Fail,NACE SP0169
SEG-02,TP-02-1,2025-06-02,-0.661,-1.028,1.6,Fail,NACE SP0169
SEG-02,TP-02-2,2025-06-02,-0.828,-0.974,0.83,Fail,NACE SP0169
SEG-02,TP-02-3,2025-06-02,-0.796,-0.999,1.65,Fail,NACE SP0169
SEG-03,TP-03-1,2025-06-02,-0.84,-1.222,3.4,Fail,NACE SP0169
SEG-03,TP-03-2,2025-06-02,-0.957,-1.081,4.3,Pass,NACE SP0169
SEG-03,TP-03-3,2025-06-02,-0.803,-1.121,2.74,Fail,NACE SP0169
SEG-04,TP-04-1,2025-06-02,-0.923,-1.191,3.4,Pass,NACE SP0169
SEG-04,TP-04-2,2025-06-02,-0.878,-1.076,2.05,Pass,NACE SP0169
SEG-04,TP-04-3,2025-06-02,-0.777,-0.896,0.65,Fail,NACE SP0169
SEG-05,TP-05-1,2025-06-02,-0.784,-0.964,3.29,Fail,NACE SP0169
SEG-05,TP-05-2,2025-06-02,-0.859,-1.146,1.46,Pass,NACE SP0169
SEG-05,TP-05-3,2025-06-02,-0.782,-1.082,2.85,Fail,NACE SP0169
SEG-06,TP-06-1,2025-06-02,-0.9,-1.233,1.05,Pass,NACE SP0169
SEG-06,TP-06-2,2025-06-02,-0.887,-0.992,2.72,Pass,NACE SP0169
SEG-06,TP-06-3,2025-06-02,-0.714,-0.946,4.07,Fail,NACE SP0169
SEG-07,TP-07-1,2025-06-02,-0.902,-1.228,2.79,Pass,NACE SP0169
SEG-07,TP-07-2,2025-06-02,-0.839,-1.216,4.4,Fail,NACE SP0169
SEG-07,TP-07-3,2025-06-02,-0.727,-1.102,2.29,Fail,NACE SP0169
SEG-01,TP-01-1,2025-06-03,-0.822,-1.006,3.84,Fail,NACE SP0169
SEG-01,TP-01-2,2025-06-03,-0.747,-0.949,3.18,Fail,NACE SP0169
SEG-01,TP-01-3,2025-06-03,-0.858,-0.983,1.08,Pass,NACE SP0169
SEG-02,TP-02-1,2025-06-03,-0.874,-1.097,2.41,Pass,NACE SP0169
SEG-02,TP-02-2,2025-06-03,-0.905,-1.01,1.05,Pass,NACE SP0169
SEG-02,TP-02-3,2025-06-03,-0.941,-1.137,1.42,Pass,NACE SP0169
SEG-03,TP-03-1,2025-06-03,-0.874,-1.273,4.24,Pass,NACE SP0169
SEG-03,TP-03-2,2025-06-03,-0.879,-1.243,1.32,Pass,NACE SP0169
SEG-03,TP-03-3,2025-06-03,-0.759,-0.945,1.3,Fail,NACE SP0169
SEG-04,TP-04-1,2025-06-03,-0.747,-0.972,1.89,Fail,NACE SP0169
SEG-04,TP-04-2,2025-06-03,-0.817,-1.107,0.85,Fail,NACE SP0169
SEG-04,TP-04-3,2025-06-03,-0.774,-1.159,1.87,Fail,NACE SP0169
SEG-05,TP-05-1,2025-06-03,-0.775,-1.101,3.77,Fail,NACE SP0169
SEG-05,TP-05-2,2025-06-03,-0.955,-1.066,3.22,Pass,NACE SP0169
SEG-05,TP-05-3,2025-06-03,-0.768,-0.907,1.81,Fail,NACE SP0169
SEG-06,TP-06-1,2025-06-03,-0.812,-1.057,4.31,Fail,NACE SP0169
SEG-06,TP-06-2,2025-06-03,-0.789,-1.138,1.64,Fail,NACE SP0169
SEG-06,TP-06-3,2025-06-03,-0.922,-1.098,1.33,Pass,NACE SP0169
SEG-07,TP-07-1,2025-06-03,-0.861,-1.114,4.11,Pass,NACE SP0169
SEG-07,TP-07-2,2025-06-03,-0.799,-0.968,2.1,Fail,NACE SP0169
SEG-07,TP-07-3,2025-06-03,-0.907,-1.138,1.15,Pass,NACE SP0169
SEG-01,TP-01-1,2025-06-04,-0.856,-0.956,3.76,Pass,NACE SP0169
SEG-01,TP-01-2,2025-06-04,-0.861,-0.986,2.4,Pass,NACE SP0169
SEG-01,TP-01-3,2025-06-04,-0.955,-1.183,0.98,Pass,NACE SP0169
SEG-02,TP-02-1,2025-06-04,-0.689,-0.815,1.59,Fail,NACE SP0169
SEG-02,TP-02-2,2025-06-04,-0.845,-1.003,1.16,Fail,NACE SP0169
SEG-02,TP-02-3,2025-06-04,-0.853,-1.201,3.54,Pass,NACE SP0169
SEG-03,TP-03-1,2025-06-04,-0.781,-0.938,3.27,Fail,NACE SP0169
SEG-03,TP-03-2,2025-06-04,-0.943,-1.108,2.32,Pass,NACE SP0169
SEG-03,TP-03-3,2025-06-04,-0.664,-0.915,2.49,Fail,NACE SP0169
SEG-04,TP-04-1,2025-06-04,-0.761,-1.046,1.48,Fail,NACE SP0169
SEG-04,TP-04-2,2025-06-04,-0.869,-1.008,3.66,Pass,NACE SP0169
SEG-04,TP-04-3,2025-06-04,-0.884,-1.186,1.54,Pass,NACE SP0169
SEG-05,TP-05-1,2025-06-04,-0.946,-1.109,4.1,Pass,NACE SP0169
SEG-05,TP-05-2,2025-06-04,-0.933,-1.176,1.24,Pass,NACE SP0169
SEG-05,TP-05-3,2025-06-04,-0.862,-1.066,1.29,Pass,NACE SP0169
SEG-06,TP-06-1,2025-06-04,-0.992,-1.184,0.57,Pass,NACE SP0169
SEG-06,TP-06-2,2025-06-04,-0.866,-1.144,1.19,Pass,NACE SP0169
SEG-06,TP-06-3,2025-06-04,-0.878,-1.074,3.53,Pass,NACE SP0169
SEG-07,TP-07-1,2025-06-04,-0.838,-1.026,2.13,Fail,NACE SP0169
SEG-07,TP-07-2,2025-06-04,-0.966,-1.298,0.95,Pass,NACE SP0169
SEG-07,TP-07-3,2025-06-04,-0.891,-1.156,0.65,Pass,NACE SP0169
SEG-01,TP-01-1,2025-06-05,-0.78,-1.071,0.68,Fail,NACE SP0169
SEG-01,TP-01-2,2025-06-05,-0.896,-1.185,2.64,Pass,NACE SP0169
SEG-01,TP-01-3,2025-06-05,-0.94,-1.154,3.16,Pass,NACE SP0169
SEG-02,TP-02-1,2025-06-05,-0.807,-1.157,2.2,Fail,NACE SP0169
SEG-02,TP-02-2,2025-06-05,-0.807,-1.14,1.11,Fail,NACE SP0169
SEG-02,TP-02-3,2025-06-05,-0.817,-0.996,0.94,Fail,NACE SP0169
SEG-03,TP-03-1,2025-06-05,-0.77,-1.048,3.17,Fail,NACE SP0169
SEG-03,TP-03-2,2025-06-05,-0.848,-1.129,4.9,Fail,NACE SP0169
SEG-03,TP-03-3,2025-06-05,-0.786,-1.155,1.11,Fail,NACE SP0169
SEG-04,TP-04-1,2025-06-05,-0.852,-1.218,4.29,Pass,NACE SP0169
SEG-04,TP-04-2,2025-06-05,-0.879,-1.214,4.36,Pass,NACE SP0169
SEG-04,TP-04-3,2025-06-05,-0.729,-0.837,2.79,Fail,NACE SP0169
SEG-05,TP-05-1,2025-06-05,-0.855,-1.112,1.08,Pass,NACE SP0169
SEG-05,TP-05-2,2025-06-05,-0.79,-0.981,3.84,Fail,NACE SP0169
SEG-05,TP-05-3,2025-06-05,-0.677,-0.786,2.71,Fail,NACE SP0169
SEG-06,TP-06-1,2025-06-05,-0.736,-0.979,0.8,Fail,NACE SP0169
SEG-06,TP-06-2,2025-06-05,-0.807,-1.059,0.67,Fail,NACE SP0169
SEG-06,TP-06-3,2025-06-05,-0.891,-1.127,4.06,Pass,NACE SP0169
SEG-07,TP-07-1,2025-06-05,-0.759,-0.898,3.39,Fail,NACE SP0169
SEG-07,TP-07-2,2025-06-05,-0.898,-1.296,3.99,Pass,NACE SP0169
SEG-07,TP-07-3,2025-06-05,-0.872,-0.977,1.47,Pass,NACE SP0169
SEG-01,TP-01-1,2025-06-06,-0.855,-1.175,0.57,Pass,NACE SP0169
SEG-01,TP-01-2,2025-06-06,-0.821,-1.058,3.36,Fail,NACE SP0169
SEG-01,TP-01-3,2025-06-06,-0.757,-0.858,3.78,Fail,NACE SP0169
SEG-02,TP-02-1,2025-06-06,-0.886,-1.178,1.33,Pass,NACE SP0169
SEG-02,TP-02-2,2025-06-06,-0.879,-1.017,4.37,Pass,NACE SP0169
SEG-02,TP-02-3,2025-06-06,-0.819,-1.169,0.59,Fail,NACE SP0169
SEG-03,TP-03-1,2025-06-06,-0.933,-1.283,4.17,Pass,NACE SP0169
SEG-03,TP-03-2,2025-06-06,-0.886,-1.192,3.06,Pass,NACE SP0169
SEG-03,TP-03-3,2025-06-06,-0.744,-1.099,4.72,Fail,NACE SP0169
SEG-04,TP-04-1,2025-06-06,-0.893,-1.165,3.64,Pass,NACE SP0169
SEG-04,TP-04-2,2025-06-06,-0.85,-0.995,4.64,Fail,NACE SP0169
SEG-04,TP-04-3,2025-06-06,-0.826,-1.038,4.29,Fail,NACE SP0169
SEG-05,TP-05-1,2025-06-06,-0.952,-1.252,4.8,Pass,NACE SP0169
SEG-05,TP-05-2,2025-06-06,-0.858,-1.102,0.86,Pass,NACE SP0169
SEG-05,TP-05-3,2025-06-06,-0.754,-1.066,3.74,Fail,NACE SP0169
SEG-06,TP-06-1,2025-06-06,-0.857,-1.101,3.01,Pass,NACE SP0169
SEG-06,TP-06-2,2025-06-06,-0.741,-1.072,0.64,Fail,NACE SP0169
SEG-06,TP-06-3,2025-06-06,-0.85,-1.152,4.8,Fail,NACE SP0169
SEG-07,TP-07-1,2025-06-06,-0.801,-1.153,1.22,Fail,NACE SP0169
SEG-07,TP-07-2,2025-06-06,-0.806,-1.003,2.11,Fail,NACE SP0169
SEG-07,TP-07-3,2025-06-06,-0.902,-1.05,1.69,Pass,NACE SP0169
SEG-01,TP-01-1,2025-06-07,-0.848,-1.112,2.59,Fail,NACE SP0169
SEG-01,TP-01-2,2025-06-07,-0.859,-1.18,2.67,Pass,NACE SP0169
SEG-01,TP-01-3,2025-06-07,-0.897,-1.095,1.13,Pass,NACE SP0169
SEG-02,TP-02-1,2025-06-07,-0.747,-1.032,2.77,Fail,NACE SP0169
SEG-02,TP-02-2,2025-06-07,-0.95,-1.289,2.6,Pass,NACE SP0169
SEG-02,TP-02-3,2025-06-07,-0.886,-1.136,4.07,Pass,NACE SP0169
SEG-03,TP-03-1,2025-06-07,-0.907,-1.134,1.92,Pass,NACE SP0169
SEG-03,TP-03-2,2025-06-07,-0.807,-1.2,3.67,Fail,NACE SP0169
SEG-03,TP-03-3,2025-06-07,-0.667,-0.995,4.08,Fail,NACE SP0169
SEG-04,TP-04-1,2025-06-07,-0.735,-0.951,4.87,Fail,NACE SP0169
SEG-04,TP-04-2,2025-06-07,-0.898,-1.067,0.86,Pass,NACE SP0169
SEG-04,TP-04-3,2025-06-07,-1.047,-1.165,0.75,Pass,NACE SP0169
SEG-05,TP-05-1,2025-06-07,-0.903,-1.222,1.68,Pass,NACE SP0169
SEG-05,TP-05-2,2025-06-07,-0.907,-1.109,0.53,Pass,NACE SP0169
SEG-05,TP-05-3,2025-06-07,-0.808,-1.099,3.18,Fail,NACE SP0169
SEG-06,TP-06-1,2025-06-07,-0.757,-1.05,1.94,Fail,NACE SP0169
SEG-06,TP-06-2,2025-06-07,-0.854,-1.231,2.67,Pass,NACE SP0169
SEG-06,TP-06-3,2025-06-07,-0.898,-1.11,4.29,Pass,NACE SP0169
SEG-07,TP-07-1,2025-06-07,-0.613,-0.852,2.55,Fail,NACE SP0169
SEG-07,TP-07-2,2025-06-07,-0.919,-1.175,3.19,Pass,NACE SP0169
SEG-07,TP-07-3,2025-06-07,-0.877,-1.116,0.94,Pass,NACE SP0169
SEG-01,TP-01-1,2025-06-08,-0.767,-0.877,4.64,Fail,NACE SP0169
SEG-01,TP-01-2,2025-06-08,-0.874,-1.078,0.55,Pass,NACE SP0169
SEG-01,TP-01-3,2025-06-08,-0.897,-1.128,4.76,Pass,NACE SP0169
SEG-02,TP-02-1,2025-06-08,-0.789,-0.927,4.03,Fail,NACE SP0169
SEG-02,TP-02-2,2025-06-08,-0.964,-1.344,2.97,Pass,NACE SP0169
SEG-02,TP-02-3,2025-06-08,-0.674,-1.071,0.5,Fail,NACE SP0169
SEG-03,TP-03-1,2025-06-08,-0.905,-1.043,3.85,Pass,NACE SP0169
SEG-03,TP-03-2,2025-06-08,-0.812,-1.143,0.59,Fail,NACE SP0169
SEG-03,TP-03-3,2025-06-08,-0.808,-1.12,0.77,Fail,NACE SP0169
SEG-04,TP-04-1,2025-06-08,-0.798,-0.956,4.73,Fail,NACE SP0169
SEG-04,TP-04-2,2025-06-08,-0.836,-1.234,1.46,Fail,NACE SP0169
SEG-04,TP-04-3,2025-06-08,-0.849,-1.028,2.09,Fail,NACE SP0169
SEG-05,TP-05-1,2025-06-08,-0.901,-1.111,4.62,Pass,NACE SP0169
SEG-05,TP-05-2,2025-06-08,-0.885,-1.179,0.97,Pass,NACE SP0169
SEG-05,TP-05-3,2025-06-08,-0.793,-1.068,0.69,Fail,NACE SP0169
SEG-06,TP-06-1,2025-06-08,-0.736,-1.076,2.3,Fail,NACE SP0169
SEG-06,TP-06-2,2025-06-08,-0.969,-1.308,3.97,Pass,NACE SP0169
SEG-06,TP-06-3,2025-06-08,-0.812,-1.124,2.62,Fail,NACE SP0169
SEG-07,TP-07-1,2025-06-08,-0.912,-1.208,4.04,Pass,NACE SP0169
SEG-07,TP-07-2,2025-06-08,-0.943,-1.184,1.65,Pass,NACE SP0169
SEG-07,TP-07-3,2025-06-08,-0.838,-1.119,1.99,Fail,NACE SP0169
SEG-01,TP-01-1,2025-06-09,-0.831,-1.058,4.67,Fail,NACE SP0169
SEG-01,TP-01-2,2025-06-09,-0.852,-1.064,4.61,Pass,NACE SP0169
SEG-01,TP-01-3,2025-06-09,-0.864,-1.072,3.15,Pass,NACE SP0169
SEG-02,TP-02-1,2025-06-09,-0.898,-1.2,4.82,Pass,NACE SP0169
SEG-02,TP-02-2,2025-06-09,-0.703,-1.084,1.69,Fail,NACE SP0169
SEG-02,TP-02-3,2025-06-09,-0.934,-1.084,4.23,Pass,NACE SP0169
SEG-03,TP-03-1,2025-06-09,-0.927,-1.315,0.85,Pass,NACE SP0169
SEG-03,TP-03-2,2025-06-09,-0.981,-1.281,0.82,Pass,NACE SP0169
SEG-03,TP-03-3,2025-06-09,-0.803,-1.006,4.38,Fail,NACE SP0169
SEG-04,TP-04-1,2025-06-09,-0.824,-1.217,4.36,Fail,NACE SP0169
SEG-04,TP-04-2,2025-06-09,-0.81,-0.985,3.03,Fail,NACE SP0169
SEG-04,TP-04-3,2025-06-09,-0.836,-0.986,3.43,Fail,NACE SP0169
SEG-05,TP-05-1,2025-06-09,-0.802,-1.015,2.74,Fail,NACE SP0169
SEG-05,TP-05-2,2025-06-09,-0.901,-1.239,1.26,Pass,NACE SP0169
SEG-05,TP-05-3,2025-06-09,-0.885,-1.186,3.45,Pass,NACE SP0169
SEG-06,TP-06-1,2025-06-09,-0.986,-1.133,1.87,Pass,NACE SP0169
SEG-06,TP-06-2,2025-06-09,-0.877,-1.018,3.43,Pass,NACE SP0169
SEG-06,TP-06-3,2025-06-09,-0.814,-1.087,1.61,Fail,NACE SP0169
SEG-07,TP-07-1,2025-06-09,-0.824,-1.0,4.7,Fail,NACE SP0169
SEG-07,TP-07-2,2025-06-09,-0.863,-1.21,0.88,Pass,NACE SP0169
SEG-07,TP-07-3,2025-06-09,-0.853,-1.131,1.37,Pass,NACE SP0169
SEG-01,TP-01-1,2025-06-10,-0.851,-1.098,2.12,Pass,NACE SP0169
SEG-01,TP-01-2,2025-06-10,-0.697,-1.059,1.55,Fail,NACE SP0169
SEG-01,TP-01-3,2025-06-10,-0.853,-1.232,4.17,Pass,NACE SP0169
SEG-02,TP-02-1,2025-06-10,-0.93,-1.289,1.38,Pass,NACE SP0169
SEG-02,TP-02-2,2025-06-10,-0.826,-1.209,4.5,Fail,NACE SP0169
SEG-02,TP-02-3,2025-06-10,-0.854,-1.02,2.03,Pass,NACE SP0169
SEG-03,TP-03-1,2025-06-10,-0.828,-1.068,3.82,Fail,NACE SP0169
SEG-03,TP-03-2,2025-06-10,-0.749,-0.86,0.64,Fail,NACE SP0169
SEG-03,TP-03-3,2025-06-10,-0.776,-0.935,4.38,Fail,NACE SP0169
SEG-04,TP-04-1,2025-06-10,-0.878,-1.029,1.62,Pass,NACE SP0169
SEG-04,TP-04-2,2025-06-10,-0.838,-0.975,0.81,Fail,NACE SP0169
SEG-04,TP-04-3,2025-06-10,-0.692,-0.873,4.43,Fail,NACE SP0169
SEG-05,TP-05-1,2025-06-10,-0.831,-1.042,2.19,Fail,NACE SP0169
SEG-05,TP-05-2,2025-06-10,-0.952,-1.181,2.61,Pass,NACE SP0169
SEG-05,TP-05-3,2025-06-10,-0.813,-1.067,1.94,Fail,NACE SP0169
SEG-06,TP-06-1,2025-06-10,-0.806,-0.999,4.19,Fail,NACE SP0169
SEG-06,TP-06-2,2025-06-10,-0.827,-1.107,3.37,Fail,NACE SP0169
SEG-06,TP-06-3,2025-06-10,-0.861,-1.126,3.87,Pass,NACE SP0169
SEG-07,TP-07-1,2025-06-10,-0.871,-1.042,2.6,Pass,NACE SP0169
SEG-07,TP-07-2,2025-06-10,-0.863,-1.187,1.06,Pass,NACE SP0169
SEG-07,TP-07-3,2025-06-10,-0.749,-0.898,4.12,Fail,NACE SP0169
SEG-01,TP-01-1,2025-06-11,-0.837,-0.976,3.32,Fail,NACE SP0169
SEG-01,TP-01-2,2025-06-11,-0.899,-1.252,3.15,Pass,NACE SP0169
SEG-01,TP-01-3,2025-06-11,-0.79,-1.125,1.44,Fail,NACE SP0169
SEG-02,TP-02-1,2025-06-11,-0.869,-1.124,4.68,Pass,NACE SP0169
SEG-02,TP-02-2,2025-06-11,-0.74,-1.043,2.54,Fail,NACE SP0169
SEG-02,TP-02-3,2025-06-11,-0.837,-1.018,3.1,Fail,NACE SP0169
SEG-03,TP-03-1,2025-06-11,-0.852,-1.12,3.87,Pass,NACE SP0169
SEG-03,TP-03-2,2025-06-11,-0.764,-1.003,2.05,Fail,NACE SP0169
SEG-03,TP-03-3,2025-06-11,-0.76,-0.934,2.8,Fail,NACE SP0169
SEG-04,TP-04-1,2025-06-11,-0.862,-1.222,4.45,Pass,NACE SP0169
SEG-04,TP-04-2,2025-06-11,-0.693,-0.814,3.21,Fail,NACE SP0169
SEG-04,TP-04-3,2025-06-11,-0.778,-1.143,2.88,Fail,NACE SP0169
SEG-05,TP-05-1,2025-06-11,-0.932,-1.23,4.1,Pass,NACE SP0169
SEG-05,TP-05-2,2025-06-11,-0.862,-1.047,1.34,Pass,NACE SP0169
SEG-05,TP-05-3,2025-06-11,-0.962,-1.078,3.2,Pass,NACE SP0169
SEG-06,TP-06-1,2025-06-11,-0.717,-1.043,3.86,Fail,NACE SP0169
SEG-06,TP-06-2,2025-06-11,-0.976,-1.265,2.67,Pass,NACE SP0169
SEG-06,TP-06-3,2025-06-11,-0.7,-0.971,2.58,Fail,NACE SP0169
SEG-07,TP-07-1,2025-06-11,-0.812,-0.985,3.51,Fail,NACE SP0169
SEG-07,TP-07-2,2025-06-11,-0.783,-0.966,3.25,Fail,NACE SP0169
SEG-07,TP-07-3,2025-06-11,-0.958,-1.203,3.08,Pass,NACE SP0169
SEG-01,TP-01-1,2025-06-12,-0.922,-1.165,3.42,Pass,NACE SP0169
SEG-01,TP-01-2,2025-06-12,-1.004,-1.156,4.66,Pass,NACE SP0169
SEG-01,TP-01-3,2025-06-12,-0.81,-1.001,0.63,Fail,NACE SP0169
SEG-02,TP-02-1,2025-06-12,-0.865,-1.074,3.97,Pass,NACE SP0169
SEG-02,TP-02-2,2025-06-12,-0.846,-1.06,1.07,Fail,NACE SP0169
SEG-02,TP-02-3,2025-06-12,-0.95,-1.092,3.93,Pass,NACE SP0169
SEG-03,TP-03-1,2025-06-12,-0.873,-1.227,3.23,Pass,NACE SP0169
SEG-03,TP-03-2,2025-06-12,-0.901,-1.249,4.07,Pass,NACE SP0169
SEG-03,TP-03-3,2025-06-12,-0.862,-0.993,0.97,Pass,NACE SP0169
SEG-04,TP-04-1,2025-06-12,-0.8,-1.052,4.64,Fail,NACE SP0169
SEG-04,TP-04-2,2025-06-12,-0.897,-1.23,4.45,Pass,NACE SP0169
SEG-04,TP-04-3,2025-06-12,-0.863,-1.147,2.55,Pass,NACE SP0169
SEG-05,TP-05-1,2025-06-12,-1.108,-1.466,3.18,Pass,NACE SP0169
SEG-05,TP-05-2,2025-06-12,-0.847,-1.154,0.61,Fail,NACE SP0169
SEG-05,TP-05-3,2025-06-12,-0.779,-1.164,4.06,Fail,NACE SP0169
SEG-06,TP-06-1,2025-06-12,-0.853,-1.222,1.44,Pass,NACE SP0169
SEG-06,TP-06-2,2025-06-12,-0.975,-1.144,2.65,Pass,NACE SP0169
SEG-06,TP-06-3,2025-06-12,-0.796,-1.142,2.58,Fail,NACE SP0169
SEG-07,TP-07-1,2025-06-12,-0.835,-1.012,4.33,Fail,NACE SP0169
SEG-07,TP-07-2,2025-06-12,-0.799,-0.925,2.22,Fail,NACE SP0169
SEG-07,TP-07-3,2025-06-12,-0.831,-1.091,3.6,Fail,NACE SP0169
SEG-01,TP-01-1,2025-06-13,-0.787,-1.155,4.14,Fail,NACE SP0169
SEG-01,TP-01-2,2025-06-13,-0.767,-0.892,0.81,Fail,NACE SP0169
SEG-01,TP-01-3,2025-06-13,-0.895,-1.065,2.77,Pass,NACE SP0169
SEG-02,TP-02-1,2025-06-13,-0.769,-0.892,2.3,Fail,NACE SP0169
SEG-02,TP-02-2,2025-06-13,-0.94,-1.299,4.07,Pass,NACE SP0169
SEG-02,TP-02-3,2025-06-13,-0.857,-1.056,2.44,Pass,NACE SP0169
SEG-03,TP-03-1,2025-06-13,-0.91,-1.061,1.11,Pass,NACE SP0169
SEG-03,TP-03-2,2025-06-13,-0.888,-1.057,2.34,Pass,NACE SP0169
SEG-03,TP-03-3,2025-06-13,-1.014,-1.322,2.08,Pass,NACE SP0169
SEG-04,TP-04-1,2025-06-13,-0.831,-1.117,0.71,Fail,NACE SP0169
SEG-04,TP-04-2,2025-06-13,-0.97,-1.076,3.55,Pass,NACE SP0169
SEG-04,TP-04-3,2025-06-13,-0.843,-1.071,0.76,Fail,NACE SP0169
SEG-05,TP-05-1,2025-06-13,-0.843,-1.12,3.32,Fail,NACE SP0169
SEG-05,TP-05-2,2025-06-13,-0.815,-1.059,1.34,Fail,NACE SP0169
SEG-05,TP-05-3,2025-06-13,-0.762,-0.979,1.13,Fail,NACE SP0169
SEG-06,TP-06-1,2025-06-13,-0.805,-0.972,2.22,Fail,NACE SP0169
SEG-06,TP-06-2,2025-06-13,-0.779,-0.986,0.79,Fail,NACE SP0169
SEG-06,TP-06-3,2025-06-13,-0.962,-1.292,3.35,Pass,NACE SP0169
SEG-07,TP-07-1,2025-06-13,-0.798,-1.065,4.58,Fail,NACE SP0169
SEG-07,TP-07-2,2025-06-13,-0.839,-1.202,1.1,Fail,NACE SP0169
SEG-07,TP-07-3,2025-06-13,-0.771,-0.929,2.14,Fail,NACE SP0169
SEG-01,TP-01-1,2025-06-14,-0.91,-1.084,1.83,Pass,NACE SP0169
SEG-01,TP-01-2,2025-06-14,-0.946,-1.323,3.54,Pass,NACE SP0169
SEG-01,TP-01-3,2025-06-14,-0.747,-0.894,5.0,Fail,NACE SP0169
SEG-02,TP-02-1,2025-06-14,-0.636,-0.911,0.7,Fail,NACE SP0169
SEG-02,TP-02-2,2025-06-14,-0.743,-1.115,3.85,Fail,NACE SP0169
SEG-02,TP-02-3,2025-06-14,-0.916,-1.027,4.13,Pass,NACE SP0169
SEG-03,TP-03-1,2025-06-14,-0.85,-0.964,1.34,Fail,NACE SP0169
SEG-03,TP-03-2,2025-06-14,-0.734,-0.947,0.66,Fail,NACE SP0169
SEG-03,TP-03-3,2025-06-14,-0.988,-1.289,3.07,Pass,NACE SP0169
SEG-04,TP-04-1,2025-06-14,-0.947,-1.166,1.41,Pass,NACE SP0169
SEG-04,TP-04-2,2025-06-14,-0.895,-1.256,2.74,Pass,NACE SP0169
SEG-04,TP-04-3,2025-06-14,-0.823,-1.157,1.99,Fail,NACE SP0169
SEG-05,TP-05-1,2025-06-14,-0.811,-1.053,0.99,Fail,NACE SP0169
SEG-05,TP-05-2,2025-06-14,-0.742,-1.063,3.31,Fail,NACE SP0169
SEG-05,TP-05-3,2025-06-14,-0.851,-0.995,3.88,Pass,NACE SP0169
SEG-06,TP-06-1,2025-06-14,-0.817,-0.985,4.54,Fail,NACE SP0169
SEG-06,TP-06-2,2025-06-14,-0.802,-1.119,3.38,Fail,NACE SP0169
SEG-06,TP-06-3,2025-06-14,-0.786,-1.027,1.39,Fail,NACE SP0169
SEG-07,TP-07-1,2025-06-14,-0.841,-1.074,4.37,Fail,NACE SP0169
SEG-07,TP-07-2,2025-06-14,-0.886,-1.257,4.68,Pass,NACE SP0169
SEG-07,TP-07-3,2025-06-14,-0.76,-1.103,3.53,Fail,NACE SP0169
SEG-01,TP-01-1,2025-06-15,-0.829,-1.025,0.5,Fail,NACE SP0169
SEG-01,TP-01-2,2025-06-15,-0.705,-1.012,2.44,Fail,NACE SP0169
SEG-01,TP-01-3,2025-06-15,-0.753,-1.088,4.51,Fail,NACE SP0169
SEG-02,TP-02-1,2025-06-15,-0.845,-1.059,4.51,Fail,NACE SP0169
SEG-02,TP-02-2,2025-06-15,-0.89,-1.206,2.05,Pass,NACE SP0169
SEG-02,TP-02-3,2025-06-15,-0.808,-1.121,3.28,Fail,NACE SP0169
SEG-03,TP-03-1,2025-06-15,-0.826,-0.938,2.08,Fail,NACE SP0169
SEG-03,TP-03-2,2025-06-15,-0.82,-0.931,3.59,Fail,NACE SP0169
SEG-03,TP-03-3,2025-06-15,-0.865,-1.183,1.6,Pass,NACE SP0169
SEG-04,TP-04-1,2025-06-15,-0.79,-0.906,0.94,Fail,NACE SP0169
SEG-04,TP-04-2,2025-06-15,-0.712,-0.968,1.86,Fail,NACE SP0169
SEG-04,TP-04-3,2025-06-15,-0.769,-0.898,4.43,Fail,NACE SP0169
SEG-05,TP-05-1,2025-06-15,-0.828,-1.173,2.13,Fail,NACE SP0169
SEG-05,TP-05-2,2025-06-15,-0.72,-0.851,4.87,Fail,NACE SP0169
SEG-05,TP-05-3,2025-06-15,-0.859,-0.98,4.46,Pass,NACE SP0169
SEG-06,TP-06-1,2025-06-15,-0.697,-1.095,3.93,Fail,NACE SP0169
SEG-06,TP-06-2,2025-06-15,-0.876,-1.189,3.14,Pass,NACE SP0169
SEG-06,TP-06-3,2025-06-15,-0.919,-1.286,3.98,Pass,NACE SP0169
SEG-07,TP-07-1,2025-06-15,-0.824,-0.928,3.23,Fail,NACE SP0169
SEG-07,TP-07-2,2025-06-15,-0.881,-1.001,1.53,Pass,NACE SP0169
SEG-07,TP-07-3,2025-06-15,-0.947,-1.313,3.37,Pass,NACE SP0169
SEG-01,TP-01-1,2025-06-16,-0.857,-1.204,3.67,Pass,NACE SP0169
SEG-01,TP-01-2,2025-06-16,-0.808,-1.009,4.17,Fail,NACE SP0169
SEG-01,TP-01-3,2025-06-16,-0.766,-1.001,1.05,Fail,NACE SP0169
SEG-02,TP-02-1,2025-06-16,-0.826,-1.044,4.48,Fail,NACE SP0169
SEG-02,TP-02-2,2025-06-16,-0.858,-1.048,3.76,Pass,NACE SP0169
SEG-02,TP-02-3,2025-06-16,-0.764,-0.885,4.08,Fail,NACE SP0169
SEG-03,TP-03-1,2025-06-16,-0.911,-1.182,3.1,Pass,NACE SP0169
SEG-03,TP-03-2,2025-06-16,-0.831,-1.06,1.27,Fail,NACE SP0169
SEG-03,TP-03-3,2025-06-16,-0.796,-0.91,0.71,Fail,NACE SP0169
SEG-04,TP-04-1,2025-06-16,-0.826,-1.213,2.51,Fail,NACE SP0169
SEG-04,TP-04-2,2025-06-16,-0.917,-1.23,1.37,Pass,NACE SP0169
SEG-04,TP-04-3,2025-06-16,-0.836,-1.159,3.11,Fail,NACE SP0169
SEG-05,TP-05-1,2025-06-16,-0.768,-1.137,1.55,Fail,NACE SP0169
SEG-05,TP-05-2,2025-06-16,-0.816,-0.932,3.81,Fail,NACE SP0169
SEG-05,TP-05-3,2025-06-16,-0.914,-1.037,3.55,Pass,NACE SP0169
SEG-06,TP-06-1,2025-06-16,-0.704,-0.923,1.51,Fail,NACE SP0169
SEG-06,TP-06-2,2025-06-16,-0.804,-1.073,0.89,Fail,NACE SP0169
SEG-06,TP-06-3,2025-06-16,-0.99,-1.195,4.49,Pass,NACE SP0169
SEG-07,TP-07-1,2025-06-16,-0.945,-1.167,1.65,Pass,NACE SP0169
SEG-07,TP-07-2,2025-06-16,-0.83,-1.067,4.14,Fail,NACE SP0169
SEG-07,TP-07-3,2025-06-16,-0.784,-0.989,4.34,Fail,NACE SP0169
SEG-01,TP-01-1,2025-06-17,-0.824,-0.99,2.69,Fail,NACE SP0169
SEG-01,TP-01-2,2025-06-17,-0.956,-1.248,1.13,Pass,NACE SP0169
SEG-01,TP-01-3,2025-06-17,-0.822,-1.09,4.4,Fail,NACE SP0169
SEG-02,TP-02-1,2025-06-17,-0.724,-1.111,2.48,Fail,NACE SP0169
SEG-02,TP-02-2,2025-06-17,-0.893,-1.1,1.67,Pass,NACE SP0169
SEG-02,TP-02-3,2025-06-17,-0.699,-0.885,1.84,Fail,NACE SP0169
SEG-03,TP-03-1,2025-06-17,-0.874,-1.149,3.95,Pass,NACE SP0169
SEG-03,TP-03-2,2025-06-17,-0.769,-1.129,4.34,Fail,NACE SP0169
SEG-03,TP-03-3,2025-06-17,-0.915,-1.311,3.17,Pass,NACE SP0169
SEG-04,TP-04-1,2025-06-17,-0.804,-0.973,0.62,Fail,NACE SP0169
SEG-04,TP-04-2,2025-06-17,-0.95,-1.301,1.48,Pass,NACE SP0169
SEG-04,TP-04-3,2025-06-17,-0.846,-0.978,1.92,Fail,NACE SP0169
SEG-05,TP-05-1,2025-06-17,-0.956,-1.128,1.67,Pass,NACE SP0169
SEG-05,TP-05-2,2025-06-17,-0.865,-1.262,3.12,Pass,NACE SP0169
SEG-05,TP-05-3,2025-06-17,-0.878,-1.116,4.48,Pass,NACE SP0169
SEG-06,TP-06-1,2025-06-17,-0.827,-0.988,1.36,Fail,NACE SP0169
SEG-06,TP-06-2,2025-06-17,-0.881,-1.141,4.7,Pass,NACE SP0169
SEG-06,TP-06-3,2025-06-17,-0.882,-1.047,4.99,Pass,NACE SP0169
SEG-07,TP-07-1,2025-06-17,-0.82,-1.148,4.83,Fail,NACE SP0169
SEG-07,TP-07-2,2025-06-17,-0.809,-1.019,1.69,Fail,NACE SP0169
SEG-07,TP-07-3,2025-06-17,-0.76,-1.051,2.32,Fail,NACE SP0169
SEG-01,TP-01-1,2025-06-18,-0.811,-1.175,4.44,Fail,NACE SP0169
SEG-01,TP-01-2,2025-06-18,-0.825,-1.006,2.89,Fail,NACE SP0169
SEG-01,TP-01-3,2025-06-18,-0.789,-1.061,3.4,Fail,NACE SP0169
SEG-02,TP-02-1,2025-06-18,-0.852,-1.206,4.45,Pass,NACE SP0169
SEG-02,TP-02-2,2025-06-18,-0.846,-1.195,1.12,Fail,NACE SP0169
SEG-02,TP-02-3,2025-06-18,-0.808,-1.012,2.3,Fail,NACE SP0169
SEG-03,TP-03-1,2025-06-18,-0.924,-1.168,2.22,Pass,NACE SP0169
SEG-03,TP-03-2,2025-06-18,-0.979,-1.349,1.35,Pass,NACE SP0169
SEG-03,TP-03-3,2025-06-18,-0.809,-1.054,1.03,Fail,NACE SP0169
SEG-04,TP-04-1,2025-06-18,-0.765,-0.911,4.35,Fail,NACE SP0169
SEG-04,TP-04-2,2025-06-18,-0.769,-0.957,4.09,Fail,NACE SP0169
SEG-04,TP-04-3,2025-06-18,-0.924,-1.028,4.65,Pass,NACE SP0169
SEG-05,TP-05-1,2025-06-18,-0.823,-0.935,4.92,Fail,NACE SP0169
SEG-05,TP-05-2,2025-06-18,-0.873,-1.086,1.89,Pass,NACE SP0169
SEG-05,TP-05-3,2025-06-18,-0.863,-1.061,2.23,Pass,NACE SP0169
SEG-06,TP-06-1,2025-06-18,-0.894,-1.231,2.43,Pass,NACE SP0169
SEG-06,TP-06-2,2025-06-18,-0.86,-1.024,1.09,Pass,NACE SP0169
SEG-06,TP-06-3,2025-06-18,-0.764,-1.127,0.67,Fail,NACE SP0169
SEG-07,TP-07-1,2025-06-18,-0.816,-0.938,2.27,Fail,NACE SP0169
SEG-07,TP-07-2,2025-06-18,-0.748,-0.945,3.61,Fail,NACE SP0169
SEG-07,TP-07-3,2025-06-18,-0.829,-0.997,2.1,Fail,NACE SP0169
SEG-01,TP-01-1,2025-06-19,-0.914,-1.19,2.82,Pass,NACE SP0169
SEG-01,TP-01-2,2025-06-19,-0.855,-1.168,0.77,Pass,NACE SP0169
SEG-01,TP-01-3,2025-06-19,-0.807,-1.098,3.61,Fail,NACE SP0169
SEG-02,TP-02-1,2025-06-19,-0.858,-0.96,2.64,Pass,NACE SP0169
SEG-02,TP-02-2,2025-06-19,-0.872,-1.001,0.74,Pass,NACE SP0169
SEG-02,TP-02-3,2025-06-19,-0.895,-1.076,1.26,Pass,NACE SP0169
SEG-03,TP-03-1,2025-06-19,-0.727,-1.061,2.57,Fail,NACE SP0169
SEG-03,TP-03-2,2025-06-19,-0.786,-0.943,3.87,Fail,NACE SP0169
SEG-03,TP-03-3,2025-06-19,-0.839,-1.03,3.07,Fail,NACE SP0169
SEG-04,TP-04-1,2025-06-19,-0.865,-1.082,0.76,Pass,NACE SP0169
SEG-04,TP-04-2,2025-06-19,-0.748,-1.094,3.64,Fail,NACE SP0169
SEG-04,TP-04-3,2025-06-19,-0.89,-1.243,3.3,Pass,NACE SP0169
SEG-05,TP-05-1,2025-06-19,-0.92,-1.298,1.19,Pass,NACE SP0169
SEG-05,TP-05-2,2025-06-19,-0.931,-1.122,1.28,Pass,NACE SP0169
SEG-05,TP-05-3,2025-06-19,-0.876,-1.184,2.19,Pass,NACE SP0169
SEG-06,TP-06-1,2025-06-19,-0.824,-1.006,1.4,Fail,NACE SP0169
SEG-06,TP-06-2,2025-06-19,-1.021,-1.266,3.75,Pass,NACE SP0169
SEG-06,TP-06-3,2025-06-19,-0.905,-1.288,1.08,Pass,NACE SP0169
SEG-07,TP-07-1,2025-06-19,-0.812,-1.009,2.27,Fail,NACE SP0169
SEG-07,TP-07-2,2025-06-19,-0.794,-1.097,1.27,Fail,NACE SP0169
SEG-07,TP-07-3,2025-06-19,-0.907,-1.041,1.82,Pass,NACE SP0169
SEG-01,TP-01-1,2025-06-20,-0.794,-1.052,2.83,Fail,NACE SP0169
SEG-01,TP-01-2,2025-06-20,-0.873,-1.094,0.53,Pass,NACE SP0169
SEG-01,TP-01-3,2025-06-20,-0.905,-1.092,3.85,Pass,NACE SP0169
SEG-02,TP-02-1,2025-06-20,-0.898,-1.179,2.66,Pass,NACE SP0169
SEG-02,TP-02-2,2025-06-20,-0.947,-1.199,4.78,Pass,NACE SP0169
SEG-02,TP-02-3,2025-06-20,-0.708,-1.046,1.44,Fail,NACE SP0169
SEG-03,TP-03-1,2025-06-20,-0.833,-1.183,1.01,Fail,NACE SP0169
SEG-03,TP-03-2,2025-06-20,-0.811,-0.913,4.58,Fail,NACE SP0169
SEG-03,TP-03-3,2025-06-20,-0.763,-1.082,1.63,Fail,NACE SP0169
SEG-04,TP-04-1,2025-06-20,-0.829,-1.161,3.84,Fail,NACE SP0169
SEG-04,TP-04-2,2025-06-20,-0.798,-1.027,4.76,Fail,NACE SP0169
SEG-04,TP-04-3,2025-06-20,-0.863,-1.067,3.39,Pass,NACE SP0169
SEG-05,TP-05-1,2025-06-20,-0.9,-1.11,2.38,Pass,NACE SP0169
SEG-05,TP-05-2,2025-06-20,-0.794,-1.167,4.27,Fail,NACE SP0169
SEG-05,TP-05-3,2025-06-20,-0.959,-1.099,0.6,Pass,NACE SP0169
SEG-06,TP-06-1,2025-06-20,-0.876,-1.196,4.49,Pass,NACE SP0169
SEG-06,TP-06-2,2025-06-20,-0.733,-0.91,3.13,Fail,NACE SP0169
SEG-06,TP-06-3,2025-06-20,-0.943,-1.272,2.98,Pass,NACE SP0169
SEG-07,TP-07-1,2025-06-20,-1.009,-1.327,4.08,Pass,NACE SP0169
SEG-07,TP-07-2,2025-06-20,-0.955,-1.08,4.32,Pass,NACE SP0169
SEG-07,TP-07-3,2025-06-20,-0.771,-1.03,1.15,Fail,NACE SP0169
SEG-01,TP-01-1,2025-06-21,-0.832,-1.177,4.73,Fail,NACE SP0169
SEG-01,TP-01-2,2025-06-21,-0.718,-0.839,2.19,Fail,NACE SP0169
SEG-01,TP-01-3,2025-06-21,-0.919,-1.053,4.36,Pass,NACE SP0169
SEG-02,TP-02-1,2025-06-21,-0.88,-1.079,0.6,Pass,NACE SP0169
SEG-02,TP-02-2,2025-06-21,-0.919,-1.238,2.37,Pass,NACE SP0169
SEG-02,TP-02-3,2025-06-21,-0.826,-1.001,2.39,Fail,NACE SP0169
SEG-03,TP-03-1,2025-06-21,-0.732,-0.853,0.83,Fail,NACE SP0169
SEG-03,TP-03-2,2025-06-21,-0.751,-1.071,3.19,Fail,NACE SP0169
SEG-03,TP-03-3,2025-06-21,-0.881,-1.271,3.4,Pass,NACE SP0169
SEG-04,TP-04-1,2025-06-21,-0.787,-1.146,4.58,Fail,NACE SP0169
SEG-04,TP-04-2,2025-06-21,-0.876,-1.049,0.55,Pass,NACE SP0169
SEG-04,TP-04-3,2025-06-21,-0.812,-0.993,3.2,Fail,NACE SP0169
SEG-05,TP-05-1,2025-06-21,-0.875,-1.171,2.62,Pass,NACE SP0169
SEG-05,TP-05-2,2025-06-21,-0.891,-1.162,1.86,Pass,NACE SP0169
SEG-05,TP-05-3,2025-06-21,-0.921,-1.25,0.74,Pass,NACE SP0169
SEG-06,TP-06-1,2025-06-21,-0.941,-1.071,3.95,Pass,NACE SP0169
SEG-06,TP-06-2,2025-06-21,-0.799,-1.176,4.16,Fail,NACE SP0169
SEG-06,TP-06-3,2025-06-21,-1.003,-1.279,4.53,Pass,NACE SP0169
SEG-07,TP-07-1,2025-06-21,-0.896,-1.212,4.22,Pass,NACE SP0169
SEG-07,TP-07-2,2025-06-21,-0.745,-0.853,4.22,Fail,NACE SP0169
SEG-07,TP-07-3,2025-06-21,-0.731,-1.059,2.57,Fail,NACE SP0169
SEG-01,TP-01-1,2025-06-22,-0.889,-1.068,1.99,Pass,NACE SP0169
SEG-01,TP-01-2,2025-06-22,-0.823,-1.035,4.56,Fail,NACE SP0169
SEG-01,TP-01-3,2025-06-22,-0.787,-1.004,4.34,Fail,NACE SP0169
SEG-02,TP-02-1,2025-06-22,-0.929,-1.123,3.59,Pass,NACE SP0169
SEG-02,TP-02-2,2025-06-22,-0.803,-1.177,2.47,Fail,NACE SP0169
SEG-02,TP-02-3,2025-06-22,-0.759,-0.969,1.34,Fail,NACE SP0169
SEG-03,TP-03-1,2025-06-22,-0.682,-0.793,0.65,Fail,NACE SP0169
SEG-03,TP-03-2,2025-06-22,-0.904,-1.255,4.2,Pass,NACE SP0169
SEG-03,TP-03-3,2025-06-22,-0.938,-1.159,4.09,Pass,NACE SP0169
SEG-04,TP-04-1,2025-06-22,-0.794,-0.905,1.68,Fail,NACE SP0169
SEG-04,TP-04-2,2025-06-22,-0.822,-0.965,4.29,Fail,NACE SP0169
SEG-04,TP-04-3,2025-06-22,-0.788,-0.923,3.12,Fail,NACE SP0169
SEG-05,TP-05-1,2025-06-22,-0.859,-1.211,1.85,Pass,NACE SP0169
SEG-05,TP-05-2,2025-06-22,-0.859,-0.998,3.83,Pass,NACE SP0169
SEG-05,TP-05-3,2025-06-22,-0.843,-1.142,4.35,Fail,NACE SP0169
SEG-06,TP-06-1,2025-06-22,-0.889,-1.005,0.54,Pass,NACE SP0169
SEG-06,TP-06-2,2025-06-22,-0.848,-1.003,3.59,Fail,NACE SP0169
SEG-06,TP-06-3,2025-06-22,-0.876,-1.004,0.93,Pass,NACE SP0169
SEG-07,TP-07-1,2025-06-22,-0.716,-0.91,4.22,Fail,NACE SP0169
SEG-07,TP-07-2,2025-06-22,-0.682,-1.037,1.83,Fail,NACE SP0169
SEG-07,TP-07-3,2025-06-22,-0.858,-1.01,3.77,Pass,NACE SP0169
SEG-01,TP-01-1,2025-06-23,-0.778,-1.051,3.78,Fail,NACE SP0169
SEG-01,TP-01-2,2025-06-23,-0.8,-0.959,2.76,Fail,NACE SP0169
SEG-01,TP-01-3,2025-06-23,-0.701,-1.092,0.87,Fail,NACE SP0169
SEG-02,TP-02-1,2025-06-23,-0.8,-1.148,0.7,Fail,NACE SP0169
SEG-02,TP-02-2,2025-06-23,-0.847,-1.108,2.04,Fail,NACE SP0169
SEG-02,TP-02-3,2025-06-23,-0.766,-0.982,2.66,Fail,NACE SP0169
SEG-03,TP-03-1,2025-06-23,-0.896,-1.135,4.18,Pass,NACE SP0169
SEG-03,TP-03-2,2025-06-23,-0.708,-0.954,1.57,Fail,NACE SP0169
SEG-03,TP-03-3,2025-06-23,-0.919,-1.075,2.96,Pass,NACE SP0169
SEG-04,TP-04-1,2025-06-23,-0.987,-1.09,2.84,Pass,NACE SP0169
SEG-04,TP-04-2,2025-06-23,-0.646,-1.007,2.67,Fail,NACE SP0169
SEG-04,TP-04-3,2025-06-23,-0.864,-1.26,3.29,Pass,NACE SP0169
SEG-05,TP-05-1,2025-06-23,-1.03,-1.324,3.38,Pass,NACE SP0169
SEG-05,TP-05-2,2025-06-23,-0.857,-1.127,2.07,Pass,NACE SP0169
SEG-05,TP-05-3,2025-06-23,-0.812,-0.971,2.37,Fail,NACE SP0169
SEG-06,TP-06-1,2025-06-23,-0.721,-1.08,3.85,Fail,NACE SP0169
SEG-06,TP-06-2,2025-06-23,-0.777,-0.988,2.01,Fail,NACE SP0169
SEG-06,TP-06-3,2025-06-23,-0.787,-1.146,3.78,Fail,NACE SP0169
SEG-07,TP-07-1,2025-06-23,-0.92,-1.246,3.45,Pass,NACE SP0169
SEG-07,TP-07-2,2025-06-23,-0.78,-1.058,4.51,Fail,NACE SP0169
SEG-07,TP-07-3,2025-06-23,-0.835,-0.993,3.54,Fail,NACE SP0169
SEG-01,TP-01-1,2025-06-24,-0.828,-1.031,3.02,Fail,NACE SP0169
SEG-01,TP-01-2,2025-06-24,-0.91,-1.203,2.29,Pass,NACE SP0169
SEG-01,TP-01-3,2025-06-24,-0.931,-1.277,1.8,Pass,NACE SP0169
SEG-02,TP-02-1,2025-06-24,-0.827,-1.181,2.38,Fail,NACE SP0169
SEG-02,TP-02-2,2025-06-24,-0.912,-1.144,2.03,Pass,NACE SP0169
SEG-02,TP-02-3,2025-06-24,-0.786,-1.15,1.51,Fail,NACE SP0169
SEG-03,TP-03-1,2025-06-24,-0.936,-1.277,3.82,Pass,NACE SP0169
SEG-03,TP-03-2,2025-06-24,-0.789,-1.142,2.48,Fail,NACE SP0169
SEG-03,TP-03-3,2025-06-24,-0.831,-1.16,2.61,Fail,NACE SP0169
SEG-04,TP-04-1,2025-06-24,-0.9,-1.146,4.37,Pass,NACE SP0169
SEG-04,TP-04-2,2025-06-24,-0.821,-1.031,2.32,Fail,NACE SP0169
SEG-04,TP-04-3,2025-06-24,-1.052,-1.229,4.71,Pass,NACE SP0169
SEG-05,TP-05-1,2025-06-24,-0.765,-0.972,1.12,Fail,NACE SP0169
SEG-05,TP-05-2,2025-06-24,-0.706,-1.046,4.33,Fail,NACE SP0169
SEG-05,TP-05-3,2025-06-24,-0.99,-1.204,2.6,Pass,NACE SP0169
SEG-06,TP-06-1,2025-06-24,-0.896,-1.257,4.12,Pass,NACE SP0169
SEG-06,TP-06-2,2025-06-24,-0.856,-1.123,1.84,Pass,NACE SP0169
SEG-06,TP-06-3,2025-06-24,-0.916,-1.304,4.63,Pass,NACE SP0169
SEG-07,TP-07-1,2025-06-24,-0.9,-1.194,3.85,Pass,NACE SP0169
SEG-07,TP-07-2,2025-06-24,-0.875,-1.163,2.69,Pass,NACE SP0169
SEG-07,TP-07-3,2025-06-24,-0.944,-1.326,1.29,Pass,NACE SP0169
SEG-01,TP-01-1,2025-06-25,-0.758,-0.901,4.66,Fail,NACE SP0169
SEG-01,TP-01-2,2025-06-25,-0.807,-1.187,1.57,Fail,NACE SP0169
SEG-01,TP-01-3,2025-06-25,-0.618,-0.933,2.35,Fail,NACE SP0169
SEG-02,TP-02-1,2025-06-25,-0.945,-1.339,4.41,Pass,NACE SP0169
SEG-02,TP-02-2,2025-06-25,-0.7,-1.092,2.49,Fail,NACE SP0169
SEG-02,TP-02-3,2025-06-25,-0.914,-1.185,2.84,Pass,NACE SP0169
SEG-03,TP-03-1,2025-06-25,-0.874,-1.209,4.42,Pass,NACE SP0169
SEG-03,TP-03-2,2025-06-25,-0.87,-1.065,1.1,Pass,NACE SP0169
SEG-03,TP-03-3,2025-06-25,-0.901,-1.082,1.39,Pass,NACE SP0169
SEG-04,TP-04-1,2025-06-25,-0.824,-1.012,2.87,Fail,NACE SP0169
SEG-04,TP-04-2,2025-06-25,-0.892,-1.028,4.11,Pass,NACE SP0169
SEG-04,TP-04-3,2025-06-25,-0.877,-1.144,1.01,Pass,NACE SP0169
SEG-05,TP-05-1,2025-06-25,-0.878,-1.183,0.89,Pass,NACE SP0169
SEG-05,TP-05-2,2025-06-25,-0.83,-0.953,2.6,Fail,NACE SP0169
SEG-05,TP-05-3,2025-06-25,-0.842,-1.201,3.68,Fail,NACE SP0169
SEG-06,TP-06-1,2025-06-25,-0.948,-1.203,4.05,Pass,NACE SP0169
SEG-06,TP-06-2,2025-06-25,-0.921,-1.13,2.41,Pass,NACE SP0169
SEG-06,TP-06-3,2025-06-25,-0.893,-1.024,2.58,Pass,NACE SP0169
SEG-07,TP-07-1,2025-06-25,-0.992,-1.158,3.22,Pass,NACE SP0169
SEG-07,TP-07-2,2025-06-25,-0.877,-1.083,4.36,Pass,NACE SP0169
SEG-07,TP-07-3,2025-06-25,-0.965,-1.277,1.82,Pass,NACE SP0169
SEG-01,TP-01-1,2025-06-26,-0.831,-1.197,3.97,Fail,NACE SP0169
SEG-01,TP-01-2,2025-06-26,-1.025,-1.136,1.71,Pass,NACE SP0169
SEG-01,TP-01-3,2025-06-26,-0.831,-0.965,3.9,Fail,NACE SP0169
SEG-02,TP-02-1,2025-06-26,-0.753,-1.068,2.24,Fail,NACE SP0169
SEG-02,TP-02-2,2025-06-26,-0.907,-1.038,1.43,Pass,NACE SP0169
SEG-02,TP-02-3,2025-06-26,-0.985,-1.361,1.66,Pass,NACE SP0169
SEG-03,TP-03-1,2025-06-26,-0.76,-1.05,3.02,Fail,NACE SP0169
SEG-03,TP-03-2,2025-06-26,-0.989,-1.136,2.85,Pass,NACE SP0169
SEG-03,TP-03-3,2025-06-26,-0.824,-0.987,1.69,Fail,NACE SP0169
SEG-04,TP-04-1,2025-06-26,-0.933,-1.131,2.68,Pass,NACE SP0169
SEG-04,TP-04-2,2025-06-26,-0.947,-1.127,2.55,Pass,NACE SP0169
SEG-04,TP-04-3,2025-06-26,-0.797,-1.163,3.07,Fail,NACE SP0169
SEG-05,TP-05-1,2025-06-26,-0.772,-1.132,1.72,Fail,NACE SP0169
SEG-05,TP-05-2,2025-06-26,-1.01,-1.377,2.7,Pass,NACE SP0169
SEG-05,TP-05-3,2025-06-26,-0.779,-1.039,0.98,Fail,NACE SP0169
SEG-06,TP-06-1,2025-06-26,-0.795,-1.114,2.96,Fail,NACE SP0169
SEG-06,TP-06-2,2025-06-26,-0.775,-0.963,4.89,Fail,NACE SP0169
SEG-06,TP-06-3,2025-06-26,-0.91,-1.158,1.39,Pass,NACE SP0169
SEG-07,TP-07-1,2025-06-26,-0.906,-1.227,3.02,Pass,NACE SP0169
SEG-07,TP-07-2,2025-06-26,-0.84,-0.947,0.97,Fail,NACE SP0169
SEG-07,TP-07-3,2025-06-26,-0.847,-1.2,2.35,Fail,NACE SP0169
SEG-01,TP-01-1,2025-06-27,-0.94,-1.06,0.89,Pass,NACE SP0169
SEG-01,TP-01-2,2025-06-27,-0.923,-1.042,3.19,Pass,NACE SP0169
SEG-01,TP-01-3,2025-06-27,-0.899,-1.265,3.98,Pass,NACE SP0169
SEG-02,TP-02-1,2025-06-27,-0.893,-1.245,2.0,Pass,NACE SP0169
SEG-02,TP-02-2,2025-06-27,-0.964,-1.189,1.91,Pass,NACE SP0169
SEG-02,TP-02-3,2025-06-27,-0.886,-0.998,0.74,Pass,NACE SP0169
SEG-03,TP-03-1,2025-06-27,-0.963,-1.235,4.7,Pass,NACE SP0169
SEG-03,TP-03-2,2025-06-27,-0.895,-1.207,3.32,Pass,NACE SP0169
SEG-03,TP-03-3,2025-06-27,-0.792,-0.953,0.54,Fail,NACE SP0169
SEG-04,TP-04-1,2025-06-27,-0.941,-1.255,3.27,Pass,NACE SP0169
SEG-04,TP-04-2,2025-06-27,-0.794,-1.02,0.93,Fail,NACE SP0169
SEG-04,TP-04-3,2025-06-27,-0.857,-1.129,4.68,Pass,NACE SP0169
SEG-05,TP-05-1,2025-06-27,-0.873,-1.171,3.91,Pass,NACE SP0169
SEG-05,TP-05-2,2025-06-27,-0.817,-0.961,0.91,Fail,NACE SP0169
SEG-05,TP-05-3,2025-06-27,-0.946,-1.221,3.35,Pass,NACE SP0169
SEG-06,TP-06-1,2025-06-27,-0.742,-1.052,3.89,Fail,NACE SP0169
SEG-06,TP-06-2,2025-06-27,-0.802,-1.061,3.21,Fail,NACE SP0169
SEG-06,TP-06-3,2025-06-27,-0.908,-1.143,4.01,Pass,NACE SP0169
SEG-07,TP-07-1,2025-06-27,-0.794,-1.191,3.59,Fail,NACE SP0169
SEG-07,TP-07-2,2025-06-27,-0.887,-1.029,3.59,Pass,NACE SP0169
SEG-07,TP-07-3,2025-06-27,-0.84,-0.957,2.96,Fail,NACE SP0169
SEG-01,TP-01-1,2025-06-28,-0.862,-1.049,2.74,Pass,NACE SP0169
SEG-01,TP-01-2,2025-06-28,-0.822,-1.118,4.44,Fail,NACE SP0169
SEG-01,TP-01-3,2025-06-28,-0.965,-1.094,0.81,Pass,NACE SP0169
SEG-02,TP-02-1,2025-06-28,-0.957,-1.343,1.34,Pass,NACE SP0169
SEG-02,TP-02-2,2025-06-28,-0.871,-1.22,1.03,Pass,NACE SP0169
SEG-02,TP-02-3,2025-06-28,-0.736,-1.094,4.19,Fail,NACE SP0169
SEG-03,TP-03-1,2025-06-28,-0.886,-1.232,3.7,Pass,NACE SP0169
SEG-03,TP-03-2,2025-06-28,-0.829,-1.098,3.91,Fail,NACE SP0169
SEG-03,TP-03-3,2025-06-28,-0.932,-1.246,3.0,Pass,NACE SP0169
SEG-04,TP-04-1,2025-06-28,-0.802,-0.917,3.71,Fail,NACE SP0169
SEG-04,TP-04-2,2025-06-28,-1.03,-1.389,1.42,Pass,NACE SP0169
SEG-04,TP-04-3,2025-06-28,-0.881,-1.222,1.9,Pass,NACE SP0169
SEG-05,TP-05-1,2025-06-28,-0.832,-1.18,4.54,Fail,NACE SP0169
SEG-05,TP-05-2,2025-06-28,-0.828,-1.01,0.91,Fail,NACE SP0169
SEG-05,TP-05-3,2025-06-28,-0.736,-0.887,0.93,Fail,NACE SP0169
SEG-06,TP-06-1,2025-06-28,-0.808,-0.913,4.67,Fail,NACE SP0169
SEG-06,TP-06-2,2025-06-28,-0.754,-0.876,4.89,Fail,NACE SP0169
SEG-06,TP-06-3,2025-06-28,-0.819,-1.214,3.46,Fail,NACE SP0169
SEG-07,TP-07-1,2025-06-28,-0.95,-1.234,2.31,Pass,NACE SP0169
SEG-07,TP-07-2,2025-06-28,-0.851,-1.185,4.55,Pass,NACE SP0169
SEG-07,TP-07-3,2025-06-28,-0.834,-1.124,3.25,Fail,NACE SP0169
SEG-01,TP-01-1,2025-06-29,-0.769,-1.01,4.85,Fail,NACE SP0169
SEG-01,TP-01-2,2025-06-29,-0.813,-0.984,4.15,Fail,NACE SP0169
SEG-01,TP-01-3,2025-06-29,-0.766,-1.07,2.54,Fail,NACE SP0169
SEG-02,TP-02-1,2025-06-29,-1.005,-1.124,4.68,Pass,NACE SP0169
SEG-02,TP-02-2,2025-06-29,-0.808,-1.113,3.91,Fail,NACE SP0169
SEG-02,TP-02-3,2025-06-29,-0.964,-1.311,3.29,Pass,NACE SP0169
SEG-03,TP-03-1,2025-06-29,-0.883,-1.003,2.86,Pass,NACE SP0169
SEG-03,TP-03-2,2025-06-29,-0.804,-1.087,1.3,Fail,NACE SP0169
SEG-03,TP-03-3,2025-06-29,-0.955,-1.142,3.45,Pass,NACE SP0169
SEG-04,TP-04-1,2025-06-29,-0.728,-0.843,2.58,Fail,NACE SP0169
SEG-04,TP-04-2,2025-06-29,-0.987,-1.323,0.53,Pass,NACE SP0169
SEG-04,TP-04-3,2025-06-29,-0.903,-1.011,4.72,Pass,NACE SP0169
SEG-05,TP-05-1,2025-06-29,-0.845,-1.144,4.06,Fail,NACE SP0169
SEG-05,TP-05-2,2025-06-29,-0.897,-1.17,4.8,Pass,NACE SP0169
SEG-05,TP-05-3,2025-06-29,-0.747,-0.89,1.29,Fail,NACE SP0169
SEG-06,TP-06-1,2025-06-29,-0.805,-1.12,3.16,Fail,NACE SP0169
SEG-06,TP-06-2,2025-06-29,-0.949,-1.278,1.4,Pass,NACE SP0169
SEG-06,TP-06-3,2025-06-29,-0.813,-0.984,0.69,Fail,NACE SP0169
SEG-07,TP-07-1,2025-06-29,-0.863,-1.161,4.38,Pass,NACE SP0169
SEG-07,TP-07-2,2025-06-29,-0.704,-0.883,3.55,Fail,NACE SP0169
SEG-07,TP-07-3,2025-06-29,-0.771,-1.098,1.96,Fail,NACE SP0169
SEG-01,TP-01-1,2025-06-30,-0.966,-1.114,2.22,Pass,NACE SP0169
SEG-01,TP-01-2,2025-06-30,-0.811,-1.083,0.88,Fail,NACE SP0169
SEG-01,TP-01-3,2025-06-30,-0.832,-1.03,4.15,Fail,NACE SP0169
SEG-02,TP-02-1,2025-06-30,-0.873,-1.222,3.91,Pass,NACE SP0169
SEG-02,TP-02-2,2025-06-30,-0.846,-1.013,3.35,Fail,NACE SP0169
SEG-02,TP-02-3,2025-06-30,-0.899,-1.074,2.62,Pass,NACE SP0169
SEG-03,TP-03-1,2025-06-30,-0.861,-1.019,4.82,Pass,NACE SP0169
SEG-03,TP-03-2,2025-06-30,-0.89,-1.225,1.01,Pass,NACE SP0169
SEG-03,TP-03-3,2025-06-30,-0.884,-1.25,0.79,Pass,NACE SP0169
SEG-04,TP-04-1,2025-06-30,-0.901,-1.125,0.56,Pass,NACE SP0169
SEG-04,TP-04-2,2025-06-30,-0.91,-1.218,0.98,Pass,NACE SP0169
SEG-04,TP-04-3,2025-06-30,-0.922,-1.181,2.82,Pass,NACE SP0169
SEG-05,TP-05-1,2025-06-30,-0.853,-1.253,2.38,Pass,NACE SP0169
SEG-05,TP-05-2,2025-06-30,-0.95,-1.201,4.34,Pass,NACE SP0169
SEG-05,TP-05-3,2025-06-30,-0.916,-1.023,3.35,Pass,NACE SP0169
SEG-06,TP-06-1,2025-06-30,-0.738,-0.932,3.72,Fail,NACE SP0169
SEG-06,TP-06-2,2025-06-30,-0.875,-1.259,3.93,Pass,NACE SP0169
SEG-06,TP-06-3,2025-06-30,-0.882,-0.988,4.73,Pass,NACE SP0169
SEG-07,TP-07-1,2025-06-30,-0.698,-0.863,4.49,Fail,NACE SP0169
SEG-07,TP-07-2,2025-06-30,-0.861,-1.191,2.18,Pass,NACE SP0169
SEG-07,TP-07-3,2025-06-30,-0.96,-1.073,4.37,Pass,NACE SP0169
SEG-01,TP-01-1,2025-07-01,-0.852,-1.187,2.95,Pass,NACE SP0169
SEG-01,TP-01-2,2025-07-01,-0.86,-1.247,1.22,Pass,NACE SP0169
SEG-01,TP-01-3,2025-07-01,-0.773,-1.092,4.77,Fail,NACE SP0169
SEG-02,TP-02-1,2025-07-01,-0.846,-1.095,4.71,Fail,NACE SP0169
SEG-02,TP-02-2,2025-07-01,-0.861,-1.235,1.9,Pass,NACE SP0169
SEG-02,TP-02-3,2025-07-01,-0.844,-1.009,3.97,Fail,NACE SP0169
SEG-03,TP-03-1,2025-07-01,-0.829,-1.025,1.03,Fail,NACE SP0169
SEG-03,TP-03-2,2025-07-01,-0.918,-1.258,4.8,Pass,NACE SP0169
SEG-03,TP-03-3,2025-07-01,-0.875,-1.184,2.95,Pass,NACE SP0169
SEG-04,TP-04-1,2025-07-01,-0.963,-1.123,1.35,Pass,NACE SP0169
SEG-04,TP-04-2,2025-07-01,-0.857,-1.1,2.84,Pass,NACE SP0169
SEG-04,TP-04-3,2025-07-01,-0.766,-0.92,1.41,Fail,NACE SP0169
SEG-05,TP-05-1,2025-07-01,-0.948,-1.329,3.23,Pass,NACE SP0169
SEG-05,TP-05-2,2025-07-01,-0.9,-1.144,4.06,Pass,NACE SP0169
SEG-05,TP-05-3,2025-07-01,-0.846,-1.09,1.39,Fail,NACE SP0169
SEG-06,TP-06-1,2025-07-01,-0.854,-1.073,0.7,Pass,NACE SP0169
SEG-06,TP-06-2,2025-07-01,-0.86,-1.174,3.72,Pass,NACE SP0169
SEG-06,TP-06-3,2025-07-01,-0.876,-1.046,3.84,Pass,NACE SP0169
SEG-07,TP-07-1,2025-07-01,-0.88,-1.224,4.4,Pass,NACE SP0169
SEG-07,TP-07-2,2025-07-01,-0.758,-0.926,4.12,Fail,NACE SP0169
SEG-07,TP-07-3,2025-07-01,-0.824,-0.989,2.03,Fail,NACE SP0169
SEG-01,TP-01-1,2025-07-02,-0.811,-1.024,1.82,Fail,NACE SP0169
SEG-01,TP-01-2,2025-07-02,-0.806,-1.05,4.95,Fail,NACE SP0169
SEG-01,TP-01-3,2025-07-02,-0.912,-1.169,4.51,Pass,NACE SP0169
SEG-02,TP-02-1,2025-07-02,-0.637,-0.886,2.3,Fail,NACE SP0169
SEG-02,TP-02-2,2025-07-02,-0.822,-1.13,3.42,Fail,NACE SP0169
SEG-02,TP-02-3,2025-07-02,-0.831,-1.152,1.75,Fail,NACE SP0169
SEG-03,TP-03-1,2025-07-02,-0.872,-1.077,3.85,Pass,NACE SP0169
SEG-03,TP-03-2,2025-07-02,-0.907,-1.137,1.81,Pass,NACE SP0169
SEG-03,TP-03-3,2025-07-02,-0.89,-1.081,2.54,Pass,NACE SP0169
SEG-04,TP-04-1,2025-07-02,-0.84,-0.946,4.39,Fail,NACE SP0169
SEG-04,TP-04-2,2025-07-02,-0.774,-0.941,0.76,Fail,NACE SP0169
SEG-04,TP-04-3,2025-07-02,-0.99,-1.236,2.2,Pass,NACE SP0169
SEG-05,TP-05-1,2025-07-02,-0.745,-0.929,1.07,Fail,NACE SP0169
SEG-05,TP-05-2,2025-07-02,-0.775,-0.921,4.86,Fail,NACE SP0169
SEG-05,TP-05-3,2025-07-02,-0.901,-1.296,3.26,Pass,NACE SP0169
SEG-06,TP-06-1,2025-07-02,-0.821,-1.167,1.07,Fail,NACE SP0169
SEG-06,TP-06-2,2025-07-02,-1.015,-1.295,1.0,Pass,NACE SP0169
SEG-06,TP-06-3,2025-07-02,-0.94,-1.201,2.9,Pass,NACE SP0169
SEG-07,TP-07-1,2025-07-02,-0.922,-1.112,1.89,Pass,NACE SP0169
SEG-07,TP-07-2,2025-07-02,-0.873,-0.977,0.53,Pass,NACE SP0169
SEG-07,TP-07-3,2025-07-02,-0.838,-1.034,3.79,Fail,NACE SP0169
SEG-01,TP-01-1,2025-07-03,-0.973,-1.281,4.42,Pass,NACE SP0169
SEG-01,TP-01-2,2025-07-03,-0.938,-1.165,3.2,Pass,NACE SP0169
SEG-01,TP-01-3,2025-07-03,-0.886,-1.247,2.88,Pass,NACE SP0169
SEG-02,TP-02-1,2025-07-03,-0.786,-1.133,0.99,Fail,NACE SP0169
SEG-02,TP-02-2,2025-07-03,-0.69,-1.087,1.2,Fail,NACE SP0169
SEG-02,TP-02-3,2025-07-03,-0.861,-1.186,3.76,Pass,NACE SP0169
SEG-03,TP-03-1,2025-07-03,-0.667,-1.029,0.99,Fail,NACE SP0169
SEG-03,TP-03-2,2025-07-03,-0.91,-1.041,4.01,Pass,NACE SP0169
SEG-03,TP-03-3,2025-07-03,-0.841,-1.149,1.23,Fail,NACE SP0169
SEG-04,TP-04-1,2025-07-03,-0.883,-1.261,3.6,Pass,NACE SP0169
SEG-04,TP-04-2,2025-07-03,-0.97,-1.219,1.19,Pass,NACE SP0169
SEG-04,TP-04-3,2025-07-03,-0.764,-0.987,3.98,Fail,NACE SP0169
SEG-05,TP-05-1,2025-07-03,-0.778,-1.034,3.22,Fail,NACE SP0169
SEG-05,TP-05-2,2025-07-03,-0.786,-1.034,4.96,Fail,NACE SP0169
SEG-05,TP-05-3,2025-07-03,-0.975,-1.213,4.33,Pass,NACE SP0169
SEG-06,TP-06-1,2025-07-03,-0.918,-1.033,1.44,Pass,NACE SP0169
SEG-06,TP-06-2,2025-07-03,-0.851,-1.119,2.49,Pass,NACE SP0169
SEG-06,TP-06-3,2025-07-03,-0.874,-1.163,2.99,Pass,NACE SP0169
SEG-07,TP-07-1,2025-07-03,-0.833,-1.203,2.79,Fail,NACE SP0169
SEG-07,TP-07-2,2025-07-03,-0.942,-1.103,1.04,Pass,NACE SP0169
SEG-07,TP-07-3,2025-07-03,-0.804,-0.905,3.22,Fail,NACE SP0169
SEG-01,TP-01-1,2025-07-04,-0.814,-1.087,1.91,Fail,NACE SP0169
SEG-01,TP-01-2,2025-07-04,-0.853,-1.107,2.93,Pass,NACE SP0169
SEG-01,TP-01-3,2025-07-04,-0.881,-1.069,2.0,Pass,NACE SP0169
SEG-02,TP-02-1,2025-07-04,-0.791,-1.093,3.1,Fail,NACE SP0169
SEG-02,TP-02-2,2025-07-04,-0.773,-1.02,2.22,Fail,NACE SP0169
SEG-02,TP-02-3,2025-07-04,-0.846,-1.099,4.24,Fail,NACE SP0169
SEG-03,TP-03-1,2025-07-04,-0.86,-1.007,3.65,Pass,NACE SP0169
SEG-03,TP-03-2,2025-07-04,-0.843,-0.946,2.6,Fail,NACE SP0169
SEG-03,TP-03-3,2025-07-04,-0.864,-1.252,0.98,Pass,NACE SP0169
SEG-04,TP-04-1,2025-07-04,-0.864,-1.097,0.6,Pass,NACE SP0169
SEG-04,TP-04-2,2025-07-04,-0.916,-1.268,2.23,Pass,NACE SP0169
SEG-04,TP-04-3,2025-07-04,-0.839,-1.147,3.47,Fail,NACE SP0169
SEG-05,TP-05-1,2025-07-04,-0.83,-1.195,0.65,Fail,NACE SP0169
SEG-05,TP-05-2,2025-07-04,-0.809,-1.127,1.35,Fail,NACE SP0169
SEG-05,TP-05-3,2025-07-04,-0.73,-0.922,1.94,Fail,NACE SP0169
SEG-06,TP-06-1,2025-07-04,-0.855,-1.17,4.76,Pass,NACE SP0169
SEG-06,TP-06-2,2025-07-04,-0.819,-1.07,4.17,Fail,NACE SP0169
SEG-06,TP-06-3,2025-07-04,-0.777,-1.151,2.67,Fail,NACE SP0169
SEG-07,TP-07-1,2025-07-04,-0.948,-1.126,3.03,Pass,NACE SP0169
SEG-07,TP-07-2,2025-07-04,-0.831,-1.22,1.26,Fail,NACE SP0169
SEG-07,TP-07-3,2025-07-04,-0.778,-1.093,2.23,Fail,NACE SP0169
SEG-01,TP-01-1,2025-07-05,-0.868,-1.132,3.42,Pass,NACE SP0169
SEG-01,TP-01-2,2025-07-05,-0.781,-0.946,3.55,Fail,NACE SP0169
SEG-01,TP-01-3,2025-07-05,-0.822,-1.028,0.89,Fail,NACE SP0169
SEG-02,TP-02-1,2025-07-05,-0.951,-1.069,3.75,Pass,NACE SP0169
SEG-02,TP-02-2,2025-07-05,-0.837,-0.989,1.73,Fail,NACE SP0169
SEG-02,TP-02-3,2025-07-05,-0.83,-1.139,2.35,Fail,NACE SP0169
SEG-03,TP-03-1,2025-07-05,-1.002,-1.105,2.8,Pass,NACE SP0169
SEG-03,TP-03-2,2025-07-05,-0.868,-1.068,4.13,Pass,NACE SP0169
SEG-03,TP-03-3,2025-07-05,-0.73,-1.048,4.9,Fail,NACE SP0169
SEG-04,TP-04-1,2025-07-05,-0.899,-1.131,4.92,Pass,NACE SP0169
SEG-04,TP-04-2,2025-07-05,-0.916,-1.21,2.5,Pass,NACE SP0169
SEG-04,TP-04-3,2025-07-05,-0.697,-0.825,0.73,Fail,NACE SP0169
SEG-05,TP-05-1,2025-07-05,-0.823,-0.965,3.69,Fail,NACE SP0169
SEG-05,TP-05-2,2025-07-05,-0.932,-1.203,3.59,Pass,NACE SP0169
SEG-05,TP-05-3,2025-07-05,-0.737,-0.905,3.06,Fail,NACE SP0169
SEG-06,TP-06-1,2025-07-05,-0.796,-1.047,4.25,Fail,NACE SP0169
SEG-06,TP-06-2,2025-07-05,-0.784,-0.992,3.81,Fail,NACE SP0169
SEG-06,TP-06-3,2025-07-05,-0.888,-1.081,3.08,Pass,NACE SP0169
SEG-07,TP-07-1,2025-07-05,-0.851,-1.201,4.8,Pass,NACE SP0169
SEG-07,TP-07-2,2025-07-05,-0.924,-1.184,3.33,Pass,NACE SP0169
SEG-07,TP-07-3,2025-07-05,-0.837,-1.191,1.22,Fail,NACE SP0169
SEG-01,TP-01-1,2025-07-06,-0.757,-0.997,4.88,Fail,NACE SP0169
SEG-01,TP-01-2,2025-07-06,-0.696,-1.032,1.84,Fail,NACE SP0169
SEG-01,TP-01-3,2025-07-06,-0.797,-1.041,4.32,Fail,NACE SP0169
SEG-02,TP-02-1,2025-07-06,-0.974,-1.14,0.66,Pass,NACE SP0169
SEG-02,TP-02-2,2025-07-06,-0.878,-1.015,3.36,Pass,NACE SP0169
SEG-02,TP-02-3,2025-07-06,-0.938,-1.248,2.55,Pass,NACE SP0169
SEG-03,TP-03-1,2025-07-06,-0.81,-1.011,3.87,Fail,NACE SP0169
SEG-03,TP-03-2,2025-07-06,-0.843,-0.949,4.66,Fail,NACE SP0169
SEG-03,TP-03-3,2025-07-06,-0.911,-1.266,2.51,Pass,NACE SP0169
SEG-04,TP-04-1,2025-07-06,-0.784,-1.091,2.86,Fail,NACE SP0169
SEG-04,TP-04-2,2025-07-06,-0.914,-1.113,0.73,Pass,NACE SP0169
SEG-04,TP-04-3,2025-07-06,-0.837,-1.011,1.47,Fail,NACE SP0169
SEG-05,TP-05-1,2025-07-06,-0.953,-1.171,1.46,Pass,NACE SP0169
SEG-05,TP-05-2,2025-07-06,-0.792,-0.937,4.3,Fail,NACE SP0169
SEG-05,TP-05-3,2025-07-06,-0.872,-1.194,4.99,Pass,NACE SP0169
SEG-06,TP-06-1,2025-07-06,-0.784,-1.103,3.17,Fail,NACE SP0169
SEG-06,TP-06-2,2025-07-06,-0.791,-0.928,3.43,Fail,NACE SP0169
SEG-06,TP-06-3,2025-07-06,-1.029,-1.317,1.03,Pass,NACE SP0169
SEG-07,TP-07-1,2025-07-06,-0.756,-0.875,1.61,Fail,NACE SP0169
SEG-07,TP-07-2,2025-07-06,-0.883,-1.136,1.58,Pass,NACE SP0169
SEG-07,TP-07-3,2025-07-06,-0.911,-1.103,2.64,Pass,NACE SP0169
SEG-01,TP-01-1,2025-07-07,-0.975,-1.107,0.76,Pass,NACE SP0169
SEG-01,TP-01-2,2025-07-07,-0.814,-1.161,1.46,Fail,NACE SP0169
SEG-01,TP-01-3,2025-07-07,-0.866,-1.159,4.82,Pass,NACE SP0169
SEG-02,TP-02-1,2025-07-07,-0.822,-1.102,4.56,Fail,NACE SP0169
SEG-02,TP-02-2,2025-07-07,-0.889,-1.098,4.21,Pass,NACE SP0169
SEG-02,TP-02-3,2025-07-07,-0.777,-1.018,2.32,Fail,NACE SP0169
SEG-03,TP-03-1,2025-07-07,-0.875,-1.053,1.2,Pass,NACE SP0169
SEG-03,TP-03-2,2025-07-07,-0.746,-1.044,1.72,Fail,NACE SP0169
SEG-03,TP-03-3,2025-07-07,-0.911,-1.245,0.98,Pass,NACE SP0169
SEG-04,TP-04-1,2025-07-07,-0.808,-1.147,4.92,Fail,NACE SP0169
SEG-04,TP-04-2,2025-07-07,-0.875,-1.025,3.88,Pass,NACE SP0169
SEG-04,TP-04-3,2025-07-07,-0.933,-1.248,4.21,Pass,NACE SP0169
SEG-05,TP-05-1,2025-07-07,-0.782,-1.083,1.69,Fail,NACE SP0169
SEG-05,TP-05-2,2025-07-07,-0.782,-1.096,3.44,Fail,NACE SP0169
SEG-05,TP-05-3,2025-07-07,-0.848,-1.134,2.81,Fail,NACE SP0169
SEG-06,TP-06-1,2025-07-07,-0.942,-1.189,1.27,Pass,NACE SP0169
SEG-06,TP-06-2,2025-07-07,-0.874,-1.03,3.81,Pass,NACE SP0169
SEG-06,TP-06-3,2025-07-07,-1.032,-1.391,3.24,Pass,NACE SP0169
SEG-07,TP-07-1,2025-07-07,-0.834,-1.155,4.05,Fail,NACE SP0169
SEG-07,TP-07-2,2025-07-07,-0.829,-1.078,3.51,Fail,NACE SP0169
SEG-07,TP-07-3,2025-07-07,-0.867,-1.032,4.65,Pass,NACE SP0169
SEG-01,TP-01-1,2025-07-08,-0.945,-1.287,3.27,Pass,NACE SP0169
SEG-01,TP-01-2,2025-07-08,-0.802,-1.162,2.05,Fail,NACE SP0169
SEG-01,TP-01-3,2025-07-08,-0.944,-1.088,4.03,Pass,NACE SP0169
SEG-02,TP-02-1,2025-07-08,-0.82,-1.137,1.12,Fail,NACE SP0169
SEG-02,TP-02-2,2025-07-08,-0.639,-1.029,4.98,Fail,NACE SP0169
SEG-02,TP-02-3,2025-07-08,-0.861,-1.098,2.84,Pass,NACE SP0169
SEG-03,TP-03-1,2025-07-08,-0.801,-1.161,4.35,Fail,NACE SP0169
SEG-03,TP-03-2,2025-07-08,-0.86,-1.091,1.69,Pass,NACE SP0169
SEG-03,TP-03-3,2025-07-08,-0.904,-1.184,0.63,Pass,NACE SP0169
SEG-04,TP-04-1,2025-07-08,-0.783,-0.978,1.97,Fail,NACE SP0169
SEG-04,TP-04-2,2025-07-08,-0.807,-1.122,2.18,Fail,NACE SP0169
SEG-04,TP-04-3,2025-07-08,-0.881,-1.013,0.97,Pass,NACE SP0169
SEG-05,TP-05-1,2025-07-08,-0.769,-0.898,1.27,Fail,NACE SP0169
SEG-05,TP-05-2,2025-07-08,-0.859,-1.226,2.62,Pass,NACE SP0169
SEG-05,TP-05-3,2025-07-08,-0.745,-1.076,3.98,Fail,NACE SP0169
SEG-06,TP-06-1,2025-07-08,-0.974,-1.169,3.12,Pass,NACE SP0169
SEG-06,TP-06-2,2025-07-08,-0.865,-1.076,3.71,Pass,NACE SP0169
SEG-06,TP-06-3,2025-07-08,-0.925,-1.11,4.23,Pass,NACE SP0169
SEG-07,TP-07-1,2025-07-08,-0.925,-1.104,1.67,Pass,NACE SP0169
SEG-07,TP-07-2,2025-07-08,-0.846,-1.209,3.03,Fail,NACE SP0169
SEG-07,TP-07-3,2025-07-08,-0.829,-0.994,1.63,Fail,NACE SP0169
SEG-01,TP-01-1,2025-07-09,-0.841,-1.0,4.37,Fail,NACE SP0169
SEG-01,TP-01-2,2025-07-09,-0.831,-1.222,0.54,Fail,NACE SP0169
SEG-01,TP-01-3,2025-07-09,-1.033,-1.29,4.75,Pass,NACE SP0169
SEG-02,TP-02-1,2025-07-09,-0.765,-0.906,0.81,Fail,NACE SP0169
SEG-02,TP-02-2,2025-07-09,-0.856,-0.997,2.65,Pass,NACE SP0169
SEG-02,TP-02-3,2025-07-09,-0.772,-1.091,2.86,Fail,NACE SP0169
SEG-03,TP-03-1,2025-07-09,-0.673,-0.807,0.69,Fail,NACE SP0169
SEG-03,TP-03-2,2025-07-09,-0.838,-1.043,2.84,Fail,NACE SP0169
SEG-03,TP-03-3,2025-07-09,-0.71,-0.933,2.47,Fail,NACE SP0169
SEG-04,TP-04-1,2025-07-09,-0.868,-1.189,1.47,Pass,NACE SP0169
SEG-04,TP-04-2,2025-07-09,-0.771,-1.008,2.39,Fail,NACE SP0169
SEG-04,TP-04-3,2025-07-09,-0.885,-0.989,1.01,Pass,NACE SP0169
SEG-05,TP-05-1,2025-07-09,-0.923,-1.2,3.29,Pass,NACE SP0169
SEG-05,TP-05-2,2025-07-09,-0.96,-1.116,0.56,Pass,NACE SP0169
SEG-05,TP-05-3,2025-07-09,-0.794,-0.958,1.64,Fail,NACE SP0169
SEG-06,TP-06-1,2025-07-09,-0.876,-1.046,3.84,Pass,NACE SP0169
SEG-06,TP-06-2,2025-07-09,-0.737,-0.905,2.96,Fail,NACE SP0169
SEG-06,TP-06-3,2025-07-09,-0.924,-1.203,0.52,Pass,NACE SP0169
SEG-07,TP-07-1,2025-07-09,-0.886,-1.227,4.54,Pass,NACE SP0169
SEG-07,TP-07-2,2025-07-09,-0.74,-1.071,1.49,Fail,NACE SP0169
SEG-07,TP-07-3,2025-07-09,-0.976,-1.354,3.92,Pass,NACE SP0169
SEG-01,TP-01-1,2025-07-10,-0.854,-1.181,4.39,Pass,NACE SP0169
SEG-01,TP-01-2,2025-07-10,-0.819,-1.022,4.38,Fail,NACE SP0169
SEG-01,TP-01-3,2025-07-10,-0.793,-1.115,3.47,Fail,NACE SP0169
SEG-02,TP-02-1,2025-07-10,-0.804,-1.193,2.39,Fail,NACE SP0169
SEG-02,TP-02-2,2025-07-10,-0.765,-1.075,5.0,Fail,NACE SP0169
SEG-02,TP-02-3,2025-07-10,-0.841,-1.21,3.13,Fail,NACE SP0169
SEG-03,TP-03-1,2025-07-10,-0.874,-1.091,2.88,Pass,NACE SP0169
SEG-03,TP-03-2,2025-07-10,-0.851,-1.014,3.96,Pass,NACE SP0169
SEG-03,TP-03-3,2025-07-10,-0.885,-1.211,4.54,Pass,NACE SP0169
SEG-04,TP-04-1,2025-07-10,-0.895,-1.221,3.51,Pass,NACE SP0169
SEG-04,TP-04-2,2025-07-10,-0.885,-1.242,1.51,Pass,NACE SP0169
SEG-04,TP-04-3,2025-07-10,-0.872,-1.126,2.14,Pass,NACE SP0169
SEG-05,TP-05-1,2025-07-10,-0.711,-0.887,3.92,Fail,NACE SP0169
SEG-05,TP-05-2,2025-07-10,-0.888,-1.084,1.6,Pass,NACE SP0169
SEG-05,TP-05-3,2025-07-10,-0.992,-1.341,0.77,Pass,NACE SP0169
SEG-06,TP-06-1,2025-07-10,-0.879,-0.997,4.82,Pass,NACE SP0169
SEG-06,TP-06-2,2025-07-10,-0.707,-1.051,2.78,Fail,NACE SP0169
SEG-06,TP-06-3,2025-07-10,-0.842,-1.16,2.13,Fail,NACE SP0169
SEG-07,TP-07-1,2025-07-10,-0.588,-0.948,1.5,Fail,NACE SP0169
SEG-07,TP-07-2,2025-07-10,-0.881,-1.254,4.56,Pass,NACE SP0169
SEG-07,TP-07-3,2025-07-10,-0.871,-1.162,1.24,Pass,NACE SP0169
SEG-01,TP-01-1,2025-07-11,-0.761,-1.01,4.08,Fail,NACE SP0169
SEG-01,TP-01-2,2025-07-11,-0.859,-1.235,3.54,Pass,NACE SP0169
SEG-01,TP-01-3,2025-07-11,-0.902,-1.22,2.97,Pass,NACE SP0169
SEG-02,TP-02-1,2025-07-11,-0.934,-1.245,1.24,Pass,NACE SP0169
SEG-02,TP-02-2,2025-07-11,-0.979,-1.255,2.89,Pass,NACE SP0169
SEG-02,TP-02-3,2025-07-11,-0.933,-1.113,1.33,Pass,NACE SP0169
SEG-03,TP-03-1,2025-07-11,-0.754,-1.037,2.52,Fail,NACE SP0169
SEG-03,TP-03-2,2025-07-11,-0.807,-1.1,1.28,Fail,NACE SP0169
SEG-03,TP-03-3,2025-07-11,-0.877,-1.236,2.68,Pass,NACE SP0169
SEG-04,TP-04-1,2025-07-11,-0.813,-0.959,3.46,Fail,NACE SP0169
SEG-04,TP-04-2,2025-07-11,-0.801,-0.984,1.68,Fail,NACE SP0169
SEG-04,TP-04-3,2025-07-11,-0.857,-1.023,0.55,Pass,NACE SP0169
SEG-05,TP-05-1,2025-07-11,-0.827,-1.073,3.02,Fail,NACE SP0169
SEG-05,TP-05-2,2025-07-11,-0.96,-1.165,3.69,Pass,NACE SP0169
SEG-05,TP-05-3,2025-07-11,-1.032,-1.392,4.56,Pass,NACE SP0169
SEG-06,TP-06-1,2025-07-11,-0.874,-1.088,3.96,Pass,NACE SP0169
SEG-06,TP-06-2,2025-07-11,-0.815,-1.116,4.04,Fail,NACE SP0169
SEG-06,TP-06-3,2025-07-11,-0.844,-1.04,4.45,Fail,NACE SP0169
SEG-07,TP-07-1,2025-07-11,-0.89,-1.207,1.27,Pass,NACE SP0169
SEG-07,TP-07-2,2025-07-11,-0.89,-1.183,4.03,Pass,NACE SP0169
SEG-07,TP-07-3,2025-07-11,-0.89,-1.021,2.33,Pass,NACE SP0169
SEG-01,TP-01-1,2025-07-12,-0.878,-1.055,2.26,Pass,NACE SP0169
SEG-01,TP-01-2,2025-07-12,-0.858,-1.066,2.95,Pass,NACE SP0169
SEG-01,TP-01-3,2025-07-12,-0.902,-1.006,3.82,Pass,NACE SP0169
SEG-02,TP-02-1,2025-07-12,-0.796,-0.913,1.5,Fail,NACE SP0169
SEG-02,TP-02-2,2025-07-12,-0.809,-0.925,0.86,Fail,NACE SP0169
SEG-02,TP-02-3,2025-07-12,-0.824,-0.942,3.77,Fail,NACE SP0169
SEG-03,TP-03-1,2025-07-12,-0.825,-0.983,4.17,Fail,NACE SP0169
SEG-03,TP-03-2,2025-07-12,-0.928,-1.133,0.81,Pass,NACE SP0169
SEG-03,TP-03-3,2025-07-12,-0.76,-0.923,1.91,Fail,NACE SP0169
SEG-04,TP-04-1,2025-07-12,-0.801,-1.199,3.99,Fail,NACE SP0169
SEG-04,TP-04-2,2025-07-12,-0.884,-1.235,0.55,Pass,NACE SP0169
SEG-04,TP-04-3,2025-07-12,-0.816,-0.972,0.86,Fail,NACE SP0169
SEG-05,TP-05-1,2025-07-12,-0.891,-1.165,2.87,Pass,NACE SP0169
SEG-05,TP-05-2,2025-07-12,-0.896,-1.205,1.76,Pass,NACE SP0169
SEG-05,TP-05-3,2025-07-12,-0.817,-1.058,0.7,Fail,NACE SP0169
SEG-06,TP-06-1,2025-07-12,-0.969,-1.16,4.33,Pass,NACE SP0169
SEG-06,TP-06-2,2025-07-12,-0.757,-1.141,2.62,Fail,NACE SP0169
SEG-06,TP-06-3,2025-07-12,-0.715,-1.005,1.34,Fail,NACE SP0169
SEG-07,TP-07-1,2025-07-12,-0.889,-1.066,4.26,Pass,NACE SP0169
SEG-07,TP-07-2,2025-07-12,-0.871,-1.267,0.54,Pass,NACE SP0169
SEG-07,TP-07-3,2025-07-12,-0.881,-1.141,4.98,Pass,NACE SP0169
SEG-01,TP-01-1,2025-07-13,-0.853,-0.974,3.16,Pass,NACE SP0169
SEG-01,TP-01-2,2025-07-13,-0.757,-1.11,4.35,Fail,NACE SP0169
SEG-01,TP-01-3,2025-07-13,-0.887,-1.248,4.79,Pass,NACE SP0169
SEG-02,TP-02-1,2025-07-13,-0.908,-1.126,4.03,Pass,NACE SP0169
SEG-02,TP-02-2,2025-07-13,-0.774,-0.913,4.97,Fail,NACE SP0169
SEG-02,TP-02-3,2025-07-13,-0.807,-1.133,3.64,Fail,NACE SP0169
SEG-03,TP-03-1,2025-07-13,-0.711,-1.091,1.12,Fail,NACE SP0169
SEG-03,TP-03-2,2025-07-13,-0.798,-0.972,3.51,Fail,NACE SP0169
SEG-03,TP-03-3,2025-07-13,-0.851,-1.179,0.81,Pass,NACE SP0169
SEG-04,TP-04-1,2025-07-13,-0.936,-1.145,3.42,Pass,NACE SP0169
SEG-04,TP-04-2,2025-07-13,-0.81,-1.156,1.81,Fail,NACE SP0169
SEG-04,TP-04-3,2025-07-13,-0.844,-1.162,4.78,Fail,NACE SP0169
SEG-05,TP-05-1,2025-07-13,-0.905,-1.091,1.2,Pass,NACE SP0169
SEG-05,TP-05-2,2025-07-13,-0.761,-1.01,2.28,Fail,NACE SP0169
SEG-05,TP-05-3,2025-07-13,-0.805,-1.199,1.96,Fail,NACE SP0169
SEG-06,TP-06-1,2025-07-13,-0.757,-1.137,2.26,Fail,NACE SP0169
SEG-06,TP-06-2,2025-07-13,-0.685,-0.903,1.74,Fail,NACE SP0169
SEG-06,TP-06-3,2025-07-13,-0.875,-1.015,0.57,Pass,NACE SP0169
SEG-07,TP-07-1,2025-07-13,-0.788,-1.106,1.51,Fail,NACE SP0169
SEG-07,TP-07-2,2025-07-13,-0.787,-1.0,1.25,Fail,NACE SP0169
SEG-07,TP-07-3,2025-07-13,-0.842,-1.194,3.56,Fail,NACE SP0169
SEG-01,TP-01-1,2025-07-14,-0.856,-1.001,4.76,Pass,NACE SP0169
SEG-01,TP-01-2,2025-07-14,-0.879,-1.225,3.61,Pass,NACE SP0169
SEG-01,TP-01-3,2025-07-14,-0.883,-1.241,2.53,Pass,NACE SP0169
SEG-02,TP-02-1,2025-07-14,-0.774,-1.133,3.47,Fail,NACE SP0169
SEG-02,TP-02-2,2025-07-14,-0.793,-1.129,2.12,Fail,NACE SP0169
SEG-02,TP-02-3,2025-07-14,-0.635,-0.82,1.29,Fail,NACE SP0169
SEG-03,TP-03-1,2025-07-14,-0.944,-1.066,1.62,Pass,NACE SP0169
SEG-03,TP-03-2,2025-07-14,-0.881,-1.243,2.26,Pass,NACE SP0169
SEG-03,TP-03-3,2025-07-14,-0.902,-1.05,2.01,Pass,NACE SP0169
SEG-04,TP-04-1,2025-07-14,-0.751,-1.118,4.7,Fail,NACE SP0169
SEG-04,TP-04-2,2025-07-14,-0.908,-1.063,3.73,Pass,NACE SP0169
SEG-04,TP-04-3,2025-07-14,-0.864,-0.974,4.58,Pass,NACE SP0169
SEG-05,TP-05-1,2025-07-14,-0.906,-1.067,4.41,Pass,NACE SP0169
SEG-05,TP-05-2,2025-07-14,-0.87,-1.038,1.0,Pass,NACE SP0169
SEG-05,TP-05-3,2025-07-14,-0.838,-1.194,1.02,Fail,NACE SP0169
SEG-06,TP-06-1,2025-07-14,-0.935,-1.073,3.44,Pass,NACE SP0169
SEG-06,TP-06-2,2025-07-14,-0.927,-1.16,1.14,Pass,NACE SP0169
SEG-06,TP-06-3,2025-07-14,-0.702,-1.031,1.83,Fail,NACE SP0169
SEG-07,TP-07-1,2025-07-14,-0.86,-1.259,2.46,Pass,NACE SP0169
SEG-07,TP-07-2,2025-07-14,-0.929,-1.25,4.39,Pass,NACE SP0169
SEG-07,TP-07-3,2025-07-14,-0.914,-1.174,4.52,Pass,NACE SP0169
SEG-01,TP-01-1,2025-07-15,-0.854,-1.052,2.36,Pass,NACE SP0169
SEG-01,TP-01-2,2025-07-15,-0.717,-0.858,4.98,Fail,NACE SP0169
SEG-01,TP-01-3,2025-07-15,-1.029,-1.182,2.05,Pass,NACE SP0169
SEG-02,TP-02-1,2025-07-15,-0.875,-1.253,1.06,Pass,NACE SP0169
SEG-02,TP-02-2,2025-07-15,-0.872,-1.112,0.69,Pass,NACE SP0169
SEG-02,TP-02-3,2025-07-15,-0.77,-0.933,1.34,Fail,NACE SP0169
SEG-03,TP-03-1,2025-07-15,-0.855,-1.21,4.88,Pass,NACE SP0169
SEG-03,TP-03-2,2025-07-15,-0.86,-1.245,4.81,Pass,NACE SP0169
SEG-03,TP-03-3,2025-07-15,-0.776,-0.949,0.76,Fail,NACE SP0169
SEG-04,TP-04-1,2025-07-15,-0.739,-0.945,1.46,Fail,NACE SP0169
SEG-04,TP-04-2,2025-07-15,-0.863,-1.068,4.0,Pass,NACE SP0169
SEG-04,TP-04-3,2025-07-15,-0.823,-1.22,4.42,Fail,NACE SP0169
SEG-05,TP-05-1,2025-07-15,-0.96,-1.17,4.43,Pass,NACE SP0169
SEG-05,TP-05-2,2025-07-15,-0.611,-0.734,2.4,Fail,NACE SP0169
SEG-05,TP-05-3,2025-07-15,-0.9,-1.217,4.32,Pass,NACE SP0169
SEG-06,TP-06-1,2025-07-15,-0.933,-1.13,3.16,Pass,NACE SP0169
SEG-06,TP-06-2,2025-07-15,-0.882,-1.04,4.61,Pass,NACE SP0169
SEG-06,TP-06-3,2025-07-15,-0.818,-1.189,2.8,Fail,NACE SP0169
SEG-07,TP-07-1,2025-07-15,-0.882,-1.062,2.03,Pass,NACE SP0169
SEG-07,TP-07-2,2025-07-15,-0.756,-0.965,3.47,Fail,NACE SP0169
SEG-07,TP-07-3,2025-07-15,-0.875,-1.015,2.21,Pass,NACE SP0169
SEG-01,TP-01-1,2025-07-16,-0.796,-0.958,4.22,Fail,NACE SP0169
SEG-01,TP-01-2,2025-07-16,-0.881,-1.217,3.26,Pass,NACE SP0169
SEG-01,TP-01-3,2025-07-16,-0.822,-1.171,2.32,Fail,NACE SP0169
SEG-02,TP-02-1,2025-07-16,-0.83,-1.135,3.55,Fail,NACE SP0169
SEG-02,TP-02-2,2025-07-16,-0.818,-0.946,3.98,Fail,NACE SP0169
SEG-02,TP-02-3,2025-07-16,-0.82,-0.947,1.13,Fail,NACE SP0169
SEG-03,TP-03-1,2025-07-16,-0.989,-1.09,0.74,Pass,NACE SP0169
SEG-03,TP-03-2,2025-07-16,-0.801,-0.938,4.82,Fail,NACE SP0169
SEG-03,TP-03-3,2025-07-16,-0.786,-0.905,4.29,Fail,NACE SP0169
SEG-04,TP-04-1,2025-07-16,-0.924,-1.307,0.89,Pass,NACE SP0169
SEG-04,TP-04-2,2025-07-16,-0.844,-1.003,4.66,Fail,NACE SP0169
SEG-04,TP-04-3,2025-07-16,-0.826,-0.983,2.62,Fail,NACE SP0169
SEG-05,TP-05-1,2025-07-16,-0.846,-1.092,3.02,Fail,NACE SP0169
SEG-05,TP-05-2,2025-07-16,-0.73,-1.007,2.73,Fail,NACE SP0169
SEG-05,TP-05-3,2025-07-16,-0.796,-1.091,3.85,Fail,NACE SP0169
SEG-06,TP-06-1,2025-07-16,-0.88,-1.231,4.4,Pass,NACE SP0169
SEG-06,TP-06-2,2025-07-16,-1.054,-1.209,3.21,Pass,NACE SP0169
SEG-06,TP-06-3,2025-07-16,-0.873,-1.128,4.15,Pass,NACE SP0169
SEG-07,TP-07-1,2025-07-16,-0.782,-0.996,4.42,Fail,NACE SP0169
SEG-07,TP-07-2,2025-07-16,-0.868,-1.049,4.99,Pass,NACE SP0169
SEG-07,TP-07-3,2025-07-16,-0.88,-1.065,1.49,Pass,NACE SP0169
SEG-01,TP-01-1,2025-07-17,-0.962,-1.221,3.6,Pass,NACE SP0169
SEG-01,TP-01-2,2025-07-17,-0.848,-1.239,1.41,Fail,NACE SP0169
SEG-01,TP-01-3,2025-07-17,-0.751,-1.136,0.85,Fail,NACE SP0169
SEG-02,TP-02-1,2025-07-17,-0.929,-1.325,4.5,Pass,NACE SP0169
SEG-02,TP-02-2,2025-07-17,-0.914,-1.063,1.61,Pass,NACE SP0169
SEG-02,TP-02-3,2025-07-17,-0.869,-1.162,3.41,Pass,NACE SP0169
SEG-03,TP-03-1,2025-07-17,-0.825,-0.963,1.09,Fail,NACE SP0169
SEG-03,TP-03-2,2025-07-17,-0.917,-1.18,3.47,Pass,NACE SP0169
SEG-03,TP-03-3,2025-07-17,-0.844,-1.167,3.06,Fail,NACE SP0169
SEG-04,TP-04-1,2025-07-17,-0.785,-1.159,2.04,Fail,NACE SP0169
SEG-04,TP-04-2,2025-07-17,-0.947,-1.077,1.75,Pass,NACE SP0169
SEG-04,TP-04-3,2025-07-17,-0.823,-1.038,4.93,Fail,NACE SP0169
SEG-05,TP-05-1,2025-07-17,-0.823,-1.192,3.7,Fail,NACE SP0169
SEG-05,TP-05-2,2025-07-17,-0.739,-0.934,3.69,Fail,NACE SP0169
SEG-05,TP-05-3,2025-07-17,-0.789,-1.106,0.97,Fail,NACE SP0169
SEG-06,TP-06-1,2025-07-17,-0.802,-0.975,3.64,Fail,NACE SP0169
SEG-06,TP-06-2,2025-07-17,-0.834,-1.081,1.3,Fail,NACE SP0169
SEG-06,TP-06-3,2025-07-17,-0.91,-1.136,2.77,Pass,NACE SP0169
SEG-07,TP-07-1,2025-07-17,-1.137,-1.37,0.73,Pass,NACE SP0169
SEG-07,TP-07-2,2025-07-17,-0.971,-1.153,3.19,Pass,NACE SP0169
SEG-07,TP-07-3,2025-07-17,-0.902,-1.175,1.08,Pass,NACE SP0169
SEG-01,TP-01-1,2025-07-18,-0.972,-1.351,0.52,Pass,NACE SP0169
SEG-01,TP-01-2,2025-07-18,-0.808,-1.15,0.82,Fail,NACE SP0169
SEG-01,TP-01-3,2025-07-18,-0.892,-1.16,2.45,Pass,NACE SP0169
SEG-02,TP-02-1,2025-07-18,-0.832,-0.944,4.93,Fail,NACE SP0169
SEG-02,TP-02-2,2025-07-18,-0.933,-1.224,2.2,Pass,NACE SP0169
SEG-02,TP-02-3,2025-07-18,-0.677,-0.856,2.54,Fail,NACE SP0169
SEG-03,TP-03-1,2025-07-18,-0.836,-1.014,1.38,Fail,NACE SP0169
SEG-03,TP-03-2,2025-07-18,-0.824,-1.097,0.52,Fail,NACE SP0169
SEG-03,TP-03-3,2025-07-18,-0.783,-0.94,4.81,Fail,NACE SP0169
SEG-04,TP-04-1,2025-07-18,-0.811,-1.12,1.28,Fail,NACE SP0169
SEG-04,TP-04-2,2025-07-18,-0.907,-1.221,4.94,Pass,NACE SP0169
SEG-04,TP-04-3,2025-07-18,-0.91,-1.105,2.92,Pass,NACE SP0169
SEG-05,TP-05-1,2025-07-18,-1.012,-1.21,4.26,Pass,NACE SP0169
SEG-05,TP-05-2,2025-07-18,-0.902,-1.055,1.0,Pass,NACE SP0169
SEG-05,TP-05-3,2025-07-18,-0.723,-1.059,3.42,Fail,NACE SP0169
SEG-06,TP-06-1,2025-07-18,-0.839,-1.174,2.0,Fail,NACE SP0169
SEG-06,TP-06-2,2025-07-18,-0.814,-1.022,2.13,Fail,NACE SP0169
SEG-06,TP-06-3,2025-07-18,-0.802,-1.09,1.67,Fail,NACE SP0169
SEG-07,TP-07-1,2025-07-18,-0.731,-0.866,1.38,Fail,NACE SP0169
SEG-07,TP-07-2,2025-07-18,-0.851,-0.992,2.78,Pass,NACE SP0169
SEG-07,TP-07-3,2025-07-18,-0.836,-1.216,4.94,Fail,NACE SP0169
SEG-01,TP-01-1,2025-07-19,-0.877,-1.165,0.79,Pass,NACE SP0169
SEG-01,TP-01-2,2025-07-19,-0.805,-0.954,4.62,Fail,NACE SP0169
SEG-01,TP-01-3,2025-07-19,-0.745,-0.999,2.71,Fail,NACE SP0169
SEG-02,TP-02-1,2025-07-19,-0.97,-1.237,1.48,Pass,NACE SP0169
SEG-02,TP-02-2,2025-07-19,-0.812,-1.003,1.97,Fail,NACE SP0169
SEG-02,TP-02-3,2025-07-19,-0.79,-1.142,4.3,Fail,NACE SP0169
SEG-03,TP-03-1,2025-07-19,-0.971,-1.169,3.91,Pass,NACE SP0169
SEG-03,TP-03-2,2025-07-19,-0.779,-1.159,2.91,Fail,NACE SP0169
SEG-03,TP-03-3,2025-07-19,-0.885,-1.07,3.76,Pass,NACE SP0169
SEG-04,TP-04-1,2025-07-19,-0.968,-1.155,1.8,Pass,NACE SP0169
SEG-04,TP-04-2,2025-07-19,-0.778,-0.937,2.12,Fail,NACE SP0169
SEG-04,TP-04-3,2025-07-19,-0.857,-1.218,1.52,Pass,NACE SP0169
SEG-05,TP-05-1,2025-07-19,-0.915,-1.065,0.92,Pass,NACE SP0169
SEG-05,TP-05-2,2025-07-19,-0.742,-1.043,0.62,Fail,NACE SP0169
SEG-05,TP-05-3,2025-07-19,-0.857,-1.16,2.3,Pass,NACE SP0169
SEG-06,TP-06-1,2025-07-19,-0.9,-1.198,3.31,Pass,NACE SP0169
SEG-06,TP-06-2,2025-07-19,-0.968,-1.245,4.73,Pass,NACE SP0169
SEG-06,TP-06-3,2025-07-19,-0.818,-0.969,3.23,Fail,NACE SP0169
SEG-07,TP-07-1,2025-07-19,-0.881,-1.228,1.42,Pass,NACE SP0169
SEG-07,TP-07-2,2025-07-19,-0.751,-1.052,2.88,Fail,NACE SP0169
SEG-07,TP-07-3,2025-07-19,-0.998,-1.331,3.99,Pass,NACE SP0169
SEG-01,TP-01-1,2025-07-20,-0.858,-1.217,1.9,Pass,NACE SP0169
SEG-01,TP-01-2,2025-07-20,-1.025,-1.259,3.13,Pass,NACE SP0169
SEG-01,TP-01-3,2025-07-20,-0.779,-1.124,4.03,Fail,NACE SP0169
SEG-02,TP-02-1,2025-07-20,-0.821,-1.205,3.84,Fail,NACE SP0169
SEG-02,TP-02-2,2025-07-20,-0.956,-1.344,4.9,Pass,NACE SP0169
SEG-02,TP-02-3,2025-07-20,-0.903,-1.129,4.64,Pass,NACE SP0169
SEG-03,TP-03-1,2025-07-20,-0.838,-1.035,4.84,Fail,NACE SP0169
SEG-03,TP-03-2,2025-07-20,-0.966,-1.192,1.16,Pass,NACE SP0169
SEG-03,TP-03-3,2025-07-20,-0.877,-1.028,1.3,Pass,NACE SP0169
SEG-04,TP-04-1,2025-07-20,-0.886,-1.068,2.36,Pass,NACE SP0169
SEG-04,TP-04-2,2025-07-20,-0.705,-0.858,1.08,Fail,NACE SP0169
SEG-04,TP-04-3,2025-07-20,-0.78,-0.888,1.01,Fail,NACE SP0169
SEG-05,TP-05-1,2025-07-20,-0.785,-1.076,4.55,Fail,NACE SP0169
SEG-05,TP-05-2,2025-07-20,-1.044,-1.25,3.98,Pass,NACE SP0169
SEG-05,TP-05-3,2025-07-20,-0.787,-1.134,3.78,Fail,NACE SP0169
SEG-06,TP-06-1,2025-07-20,-0.818,-1.048,2.15,Fail,NACE SP0169
SEG-06,TP-06-2,2025-07-20,-0.817,-1.172,1.69,Fail,NACE SP0169
SEG-06,TP-06-3,2025-07-20,-0.871,-1.222,4.14,Pass,NACE SP0169
SEG-07,TP-07-1,2025-07-20,-0.931,-1.26,0.53,Pass,NACE SP0169
SEG-07,TP-07-2,2025-07-20,-0.936,-1.245,2.95,Pass,NACE SP0169
SEG-07,TP-07-3,2025-07-20,-0.733,-0.936,4.4,Fail,NACE SP0169
SEG-01,TP-01-1,2025-07-21,-0.851,-1.184,1.0,Pass,NACE SP0169
SEG-01,TP-01-2,2025-07-21,-0.775,-1.146,2.07,Fail,NACE SP0169
SEG-01,TP-01-3,2025-07-21,-0.785,-1.051,4.73,Fail,NACE SP0169
SEG-02,TP-02-1,2025-07-21,-0.878,-1.138,4.79,Pass,NACE SP0169
SEG-02,TP-02-2,2025-07-21,-0.832,-1.109,4.79,Fail,NACE SP0169
SEG-02,TP-02-3,2025-07-21,-0.783,-0.988,4.93,Fail,NACE SP0169
SEG-03,TP-03-1,2025-07-21,-0.866,-1.101,4.79,Pass,NACE SP0169
SEG-03,TP-03-2,2025-07-21,-0.938,-1.313,2.0,Pass,NACE SP0169
SEG-03,TP-03-3,2025-07-21,-0.93,-1.209,0.96,Pass,NACE SP0169
SEG-04,TP-04-1,2025-07-21,-0.866,-1.042,3.85,Pass,NACE SP0169
SEG-04,TP-04-2,2025-07-21,-0.774,-0.95,4.05,Fail,NACE SP0169
SEG-04,TP-04-3,2025-07-21,-0.771,-0.917,4.36,Fail,NACE SP0169
SEG-05,TP-05-1,2025-07-21,-0.992,-1.382,3.93,Pass,NACE SP0169
SEG-05,TP-05-2,2025-07-21,-0.729,-0.864,2.05,Fail,NACE SP0169
SEG-05,TP-05-3,2025-07-21,-0.959,-1.097,1.45,Pass,NACE SP0169
SEG-06,TP-06-1,2025-07-21,-0.838,-1.044,2.97,Fail,NACE SP0169
SEG-06,TP-06-2,2025-07-21,-0.905,-1.021,2.62,Pass,NACE SP0169
SEG-06,TP-06-3,2025-07-21,-0.837,-0.984,1.63,Fail,NACE SP0169
SEG-07,TP-07-1,2025-07-21,-0.895,-1.186,0.51,Pass,NACE SP0169
SEG-07,TP-07-2,2025-07-21,-0.884,-0.991,4.16,Pass,NACE SP0169
SEG-07,TP-07-3,2025-07-21,-0.867,-1.22,2.24,Pass,NACE SP0169
SEG-01,TP-01-1,2025-07-22,-0.747,-0.959,4.9,Fail,NACE SP0169
SEG-01,TP-01-2,2025-07-22,-0.929,-1.237,3.38,Pass,NACE SP0169
SEG-01,TP-01-3,2025-07-22,-0.732,-1.125,3.74,Fail,NACE SP0169
SEG-02,TP-02-1,2025-07-22,-0.788,-1.123,2.02,Fail,NACE SP0169
SEG-02,TP-02-2,2025-07-22,-0.788,-0.935,1.03,Fail,NACE SP0169
SEG-02,TP-02-3,2025-07-22,-0.854,-1.22,3.1,Pass,NACE SP0169
SEG-03,TP-03-1,2025-07-22,-0.776,-0.925,4.04,Fail,NACE SP0169
SEG-03,TP-03-2,2025-07-22,-0.811,-1.048,4.5,Fail,NACE SP0169
SEG-03,TP-03-3,2025-07-22,-0.824,-0.978,4.21,Fail,NACE SP0169
SEG-04,TP-04-1,2025-07-22,-0.757,-1.103,3.71,Fail,NACE SP0169
SEG-04,TP-04-2,2025-07-22,-0.802,-1.004,4.45,Fail,NACE SP0169
SEG-04,TP-04-3,2025-07-22,-0.868,-1.05,4.58,Pass,NACE SP0169
SEG-05,TP-05-1,2025-07-22,-0.955,-1.071,5.0,Pass,NACE SP0169
SEG-05,TP-05-2,2025-07-22,-0.814,-0.925,4.73,Fail,NACE SP0169
SEG-05,TP-05-3,2025-07-22,-0.729,-0.953,1.31,Fail,NACE SP0169
SEG-06,TP-06-1,2025-07-22,-0.697,-1.018,1.18,Fail,NACE SP0169
SEG-06,TP-06-2,2025-07-22,-0.731,-1.053,4.81,Fail,NACE SP0169
SEG-06,TP-06-3,2025-07-22,-0.918,-1.104,3.74,Pass,NACE SP0169
SEG-07,TP-07-1,2025-07-22,-0.996,-1.154,3.23,Pass,NACE SP0169
SEG-07,TP-07-2,2025-07-22,-0.759,-0.997,1.13,Fail,NACE SP0169
SEG-07,TP-07-3,2025-07-22,-0.793,-0.979,1.43,Fail,NACE SP0169
SEG-01,TP-01-1,2025-07-23,-0.856,-1.237,1.02,Pass,NACE SP0169
SEG-01,TP-01-2,2025-07-23,-0.97,-1.345,0.91,Pass,NACE SP0169
SEG-01,TP-01-3,2025-07-23,-0.693,-0.871,0.89,Fail,NACE SP0169
SEG-02,TP-02-1,2025-07-23,-1.035,-1.294,2.32,Pass,NACE SP0169
SEG-02,TP-02-2,2025-07-23,-0.831,-1.116,2.04,Fail,NACE SP0169
SEG-02,TP-02-3,2025-07-23,-0.817,-0.961,1.09,Fail,NACE SP0169
SEG-03,TP-03-1,2025-07-23,-0.83,-1.225,4.74,Fail,NACE SP0169
SEG-03,TP-03-2,2025-07-23,-0.822,-1.083,3.21,Fail,NACE SP0169
SEG-03,TP-03-3,2025-07-23,-1.034,-1.204,1.44,Pass,NACE SP0169
SEG-04,TP-04-1,2025-07-23,-0.868,-1.001,1.23,Pass,NACE SP0169
SEG-04,TP-04-2,2025-07-23,-1.05,-1.438,3.82,Pass,NACE SP0169
SEG-04,TP-04-3,2025-07-23,-0.754,-0.888,0.88,Fail,NACE SP0169
SEG-05,TP-05-1,2025-07-23,-0.907,-1.093,2.35,Pass,NACE SP0169
SEG-05,TP-05-2,2025-07-23,-0.865,-1.048,4.28,Pass,NACE SP0169
SEG-05,TP-05-3,2025-07-23,-0.755,-0.908,0.61,Fail,NACE SP0169
SEG-06,TP-06-1,2025-07-23,-0.949,-1.332,3.2,Pass,NACE SP0169
SEG-06,TP-06-2,2025-07-23,-0.926,-1.054,3.27,Pass,NACE SP0169
SEG-06,TP-06-3,2025-07-23,-1.007,-1.108,0.73,Pass,NACE SP0169
SEG-07,TP-07-1,2025-07-23,-0.963,-1.102,4.58,Pass,NACE SP0169
SEG-07,TP-07-2,2025-07-23,-0.986,-1.294,3.95,Pass,NACE SP0169
SEG-07,TP-07-3,2025-07-23,-0.756,-0.92,0.76,Fail,NACE SP0169
SEG-01,TP-01-1,2025-07-24,-0.89,-1.041,3.52,Pass,NACE SP0169
SEG-01,TP-01-2,2025-07-24,-0.937,-1.044,3.34,Pass,NACE SP0169
SEG-01,TP-01-3,2025-07-24,-0.897,-1.188,3.69,Pass,NACE SP0169
SEG-02,TP-02-1,2025-07-24,-0.757,-0.937,4.65,Fail,NACE SP0169
SEG-02,TP-02-2,2025-07-24,-0.911,-1.293,2.01,Pass,NACE SP0169
SEG-02,TP-02-3,2025-07-24,-0.753,-0.962,3.76,Fail,NACE SP0169
SEG-03,TP-03-1,2025-07-24,-0.74,-0.988,4.63,Fail,NACE SP0169
SEG-03,TP-03-2,2025-07-24,-0.896,-1.19,4.55,Pass,NACE SP0169
SEG-03,TP-03-3,2025-07-24,-0.762,-0.971,3.49,Fail,NACE SP0169
SEG-04,TP-04-1,2025-07-24,-0.846,-1.018,3.85,Fail,NACE SP0169
SEG-04,TP-04-2,2025-07-24,-0.894,-1.236,3.79,Pass,NACE SP0169
SEG-04,TP-04-3,2025-07-24,-0.853,-1.095,2.9,Pass,NACE SP0169
SEG-05,TP-05-1,2025-07-24,-0.858,-1.029,1.41,Pass,NACE SP0169
SEG-05,TP-05-2,2025-07-24,-0.908,-1.058,3.88,Pass,NACE SP0169
SEG-05,TP-05-3,2025-07-24,-0.838,-1.101,4.36,Fail,NACE SP0169
SEG-06,TP-06-1,2025-07-24,-0.894,-1.08,2.12,Pass,NACE SP0169
SEG-06,TP-06-2,2025-07-24,-0.823,-1.211,1.32,Fail,NACE SP0169
SEG-06,TP-06-3,2025-07-24,-0.912,-1.168,1.29,Pass,NACE SP0169
SEG-07,TP-07-1,2025-07-24,-0.94,-1.185,3.8,Pass,NACE SP0169
SEG-07,TP-07-2,2025-07-24,-0.832,-1.047,2.02,Fail,NACE SP0169
SEG-07,TP-07-3,2025-07-24,-0.817,-1.148,4.91,Fail,NACE SP0169
SEG-01,TP-01-1,2025-07-25,-0.886,-1.037,2.09,Pass,NACE SP0169
SEG-01,TP-01-2,2025-07-25,-0.915,-1.245,1.49,Pass,NACE SP0169
SEG-01,TP-01-3,2025-07-25,-0.846,-0.957,1.34,Fail,NACE SP0169
SEG-02,TP-02-1,2025-07-25,-0.816,-0.983,1.17,Fail,NACE SP0169
SEG-02,TP-02-2,2025-07-25,-0.932,-1.211,1.86,Pass,NACE SP0169
SEG-02,TP-02-3,2025-07-25,-0.758,-1.024,2.85,Fail,NACE SP0169
SEG-03,TP-03-1,2025-07-25,-0.897,-1.159,2.46,Pass,NACE SP0169
SEG-03,TP-03-2,2025-07-25,-0.74,-0.923,4.94,Fail,NACE SP0169
SEG-03,TP-03-3,2025-07-25,-0.839,-1.111,3.34,Fail,NACE SP0169
SEG-04,TP-04-1,2025-07-25,-0.777,-1.058,2.87,Fail,NACE SP0169
SEG-04,TP-04-2,2025-07-25,-0.744,-0.946,2.38,Fail,NACE SP0169
SEG-04,TP-04-3,2025-07-25,-0.857,-1.064,1.62,Pass,NACE SP0169
SEG-05,TP-05-1,2025-07-25,-0.806,-0.906,4.97,Fail,NACE SP0169
SEG-05,TP-05-2,2025-07-25,-0.968,-1.205,3.39,Pass,NACE SP0169
SEG-05,TP-05-3,2025-07-25,-0.89,-1.26,2.89,Pass,NACE SP0169
SEG-06,TP-06-1,2025-07-25,-0.836,-1.188,2.15,Fail,NACE SP0169
SEG-06,TP-06-2,2025-07-25,-0.78,-0.979,3.75,Fail,NACE SP0169
SEG-06,TP-06-3,2025-07-25,-0.871,-1.136,1.38,Pass,NACE SP0169
SEG-07,TP-07-1,2025-07-25,-0.73,-0.891,2.34,Fail,NACE SP0169
SEG-07,TP-07-2,2025-07-25,-0.827,-1.163,2.39,Fail,NACE SP0169
SEG-07,TP-07-3,2025-07-25,-0.883,-1.024,4.9,Pass,NACE SP0169
SEG-01,TP-01-1,2025-07-26,-0.783,-1.174,4.53,Fail,NACE SP0169
SEG-01,TP-01-2,2025-07-26,-1.001,-1.259,4.19,Pass,NACE SP0169
SEG-01,TP-01-3,2025-07-26,-0.695,-0.844,2.14,Fail,NACE SP0169
SEG-02,TP-02-1,2025-07-26,-0.714,-1.049,4.61,Fail,NACE SP0169
SEG-02,TP-02-2,2025-07-26,-0.85,-1.249,1.94,Fail,NACE SP0169
SEG-02,TP-02-3,2025-07-26,-0.75,-1.035,4.61,Fail,NACE SP0169
SEG-03,TP-03-1,2025-07-26,-0.861,-1.199,1.9,Pass,NACE SP0169
SEG-03,TP-03-2,2025-07-26,-1.037,-1.167,2.54,Pass,NACE SP0169
SEG-03,TP-03-3,2025-07-26,-0.879,-1.189,3.25,Pass,NACE SP0169
SEG-04,TP-04-1,2025-07-26,-0.723,-0.981,4.68,Fail,NACE SP0169
SEG-04,TP-04-2,2025-07-26,-0.896,-1.084,2.3,Pass,NACE SP0169
SEG-04,TP-04-3,2025-07-26,-0.671,-0.878,2.18,Fail,NACE SP0169
SEG-05,TP-05-1,2025-07-26,-0.75,-0.904,2.66,Fail,NACE SP0169
SEG-05,TP-05-2,2025-07-26,-0.778,-1.058,3.33,Fail,NACE SP0169
SEG-05,TP-05-3,2025-07-26,-0.851,-0.952,1.3,Pass,NACE SP0169
SEG-06,TP-06-1,2025-07-26,-0.956,-1.33,0.86,Pass,NACE SP0169
SEG-06,TP-06-2,2025-07-26,-0.719,-1.06,3.65,Fail,NACE SP0169
SEG-06,TP-06-3,2025-07-26,-0.848,-1.098,1.15,Fail,NACE SP0169
SEG-07,TP-07-1,2025-07-26,-0.942,-1.316,1.37,Pass,NACE SP0169
SEG-07,TP-07-2,2025-07-26,-0.906,-1.273,4.63,Pass,NACE SP0169
SEG-07,TP-07-3,2025-07-26,-0.833,-1.035,1.15,Fail,NACE SP0169
SEG-01,TP-01-1,2025-07-27,-0.854,-1.195,2.11,Pass,NACE SP0169
SEG-01,TP-01-2,2025-07-27,-0.709,-0.961,4.42,Fail,NACE SP0169
SEG-01,TP-01-3,2025-07-27,-0.792,-0.928,2.05,Fail,NACE SP0169
SEG-02,TP-02-1,2025-07-27,-0.951,-1.224,2.03,Pass,NACE SP0169
SEG-02,TP-02-2,2025-07-27,-0.763,-1.061,2.83,Fail,NACE SP0169
SEG-02,TP-02-3,2025-07-27,-0.923,-1.216,0.83,Pass,NACE SP0169
SEG-03,TP-03-1,2025-07-27,-0.729,-0.881,2.98,Fail,NACE SP0169
SEG-03,TP-03-2,2025-07-27,-0.768,-1.12,2.12,Fail,NACE SP0169
SEG-03,TP-03-3,2025-07-27,-0.918,-1.095,4.76,Pass,NACE SP0169
SEG-04,TP-04-1,2025-07-27,-0.832,-1.073,2.96,Fail,NACE SP0169
SEG-04,TP-04-2,2025-07-27,-0.927,-1.195,3.94,Pass,NACE SP0169
SEG-04,TP-04-3,2025-07-27,-0.973,-1.098,3.92,Pass,NACE SP0169
SEG-05,TP-05-1,2025-07-27,-0.834,-0.946,4.56,Fail,NACE SP0169
SEG-05,TP-05-2,2025-07-27,-0.926,-1.204,4.69,Pass,NACE SP0169
SEG-05,TP-05-3,2025-07-27,-0.848,-1.243,0.82,Fail,NACE SP0169
SEG-06,TP-06-1,2025-07-27,-0.897,-1.071,4.36,Pass,NACE SP0169
SEG-06,TP-06-2,2025-07-27,-0.892,-1.096,1.81,Pass,NACE SP0169
SEG-06,TP-06-3,2025-07-27,-0.933,-1.279,4.31,Pass,NACE SP0169
SEG-07,TP-07-1,2025-07-27,-0.812,-1.146,2.01,Fail,NACE SP0169
SEG-07,TP-07-2,2025-07-27,-0.898,-1.197,1.63,Pass,NACE SP0169
SEG-07,TP-07-3,2025-07-27,-0.838,-1.102,3.75,Fail,NACE SP0169
SEG-01,TP-01-1,2025-07-28,-0.69,-1.022,1.55,Fail,NACE SP0169
SEG-01,TP-01-2,2025-07-28,-0.808,-1.113,3.5,Fail,NACE SP0169
SEG-01,TP-01-3,2025-07-28,-0.905,-1.181,4.15,Pass,NACE SP0169
SEG-02,TP-02-1,2025-07-28,-0.857,-1.238,3.59,Pass,NACE SP0169
SEG-02,TP-02-2,2025-07-28,-0.823,-1.02,2.2,Fail,NACE SP0169
SEG-02,TP-02-3,2025-07-28,-0.835,-1.023,4.39,Fail,NACE SP0169
SEG-03,TP-03-1,2025-07-28,-1.002,-1.16,3.76,Pass,NACE SP0169
SEG-03,TP-03-2,2025-07-28,-0.823,-1.064,4.9,Fail,NACE SP0169
SEG-03,TP-03-3,2025-07-28,-0.924,-1.2,2.37,Pass,NACE SP0169
SEG-04,TP-04-1,2025-07-28,-0.804,-1.167,1.16,Fail,NACE SP0169
SEG-04,TP-04-2,2025-07-28,-0.851,-1.204,3.19,Pass,NACE SP0169
SEG-04,TP-04-3,2025-07-28,-0.923,-1.113,2.8,Pass,NACE SP0169
SEG-05,TP-05-1,2025-07-28,-0.851,-1.179,0.67,Pass,NACE SP0169
SEG-05,TP-05-2,2025-07-28,-1.017,-1.367,3.69,Pass,NACE SP0169
SEG-05,TP-05-3,2025-07-28,-0.779,-1.116,4.09,Fail,NACE SP0169
SEG-06,TP-06-1,2025-07-28,-0.758,-1.121,4.17,Fail,NACE SP0169
SEG-06,TP-06-2,2025-07-28,-0.834,-1.093,1.96,Fail,NACE SP0169
SEG-06,TP-06-3,2025-07-28,-0.915,-1.281,4.87,Pass,NACE SP0169
SEG-07,TP-07-1,2025-07-28,-0.822,-0.926,3.39,Fail,NACE SP0169
SEG-07,TP-07-2,2025-07-28,-0.881,-1.115,4.94,Pass,NACE SP0169
SEG-07,TP-07-3,2025-07-28,-0.909,-1.119,2.85,Pass,NACE SP0169
SEG-01,TP-01-1,2025-07-29,-0.825,-1.183,3.94,Fail,NACE SP0169
SEG-01,TP-01-2,2025-07-29,-0.859,-1.112,0.79,Pass,NACE SP0169
SEG-01,TP-01-3,2025-07-29,-0.949,-1.244,4.35,Pass,NACE SP0169
SEG-02,TP-02-1,2025-07-29,-1.004,-1.146,2.84,Pass,NACE SP0169
SEG-02,TP-02-2,2025-07-29,-0.824,-0.96,4.75,Fail,NACE SP0169
SEG-02,TP-02-3,2025-07-29,-0.738,-0.972,2.62,Fail,NACE SP0169
SEG-03,TP-03-1,2025-07-29,-0.785,-1.0,3.62,Fail,NACE SP0169
SEG-03,TP-03-2,2025-07-29,-0.903,-1.28,4.14,Pass,NACE SP0169
SEG-03,TP-03-3,2025-07-29,-0.832,-1.042,4.97,Fail,NACE SP0169
SEG-04,TP-04-1,2025-07-29,-0.78,-0.909,0.85,Fail,NACE SP0169
SEG-04,TP-04-2,2025-07-29,-0.819,-1.09,1.65,Fail,NACE SP0169
SEG-04,TP-04-3,2025-07-29,-0.893,-1.115,1.54,Pass,NACE SP0169
SEG-05,TP-05-1,2025-07-29,-0.775,-0.98,0.63,Fail,NACE SP0169
SEG-05,TP-05-2,2025-07-29,-0.791,-1.017,0.91,Fail,NACE SP0169
SEG-05,TP-05-3,2025-07-29,-0.872,-1.2,1.34,Pass,NACE SP0169
SEG-06,TP-06-1,2025-07-29,-0.816,-1.103,2.36,Fail,NACE SP0169
SEG-06,TP-06-2,2025-07-29,-0.856,-1.226,1.17,Pass,NACE SP0169
SEG-06,TP-06-3,2025-07-29,-0.897,-1.288,2.89,Pass,NACE SP0169
SEG-07,TP-07-1,2025-07-29,-0.901,-1.179,1.66,Pass,NACE SP0169
SEG-07,TP-07-2,2025-07-29,-0.907,-1.302,2.6,Pass,NACE SP0169
SEG-07,TP-07-3,2025-07-29,-0.861,-1.255,2.85,Pass,NACE SP0169
SEG-01,TP-01-1,2025-07-30,-0.908,-1.093,1.59,Pass,NACE SP0169
SEG-01,TP-01-2,2025-07-30,-0.926,-1.107,1.87,Pass,NACE SP0169
SEG-01,TP-01-3,2025-07-30,-0.845,-1.019,4.15,Fail,NACE SP0169
SEG-02,TP-02-1,2025-07-30,-0.812,-0.957,3.61,Fail,NACE SP0169
SEG-02,TP-02-2,2025-07-30,-0.822,-1.079,1.45,Fail,NACE SP0169
SEG-02,TP-02-3,2025-07-30,-0.917,-1.071,4.32,Pass,NACE SP0169
SEG-03,TP-03-1,2025-07-30,-0.883,-1.1,0.61,Pass,NACE SP0169
SEG-03,TP-03-2,2025-07-30,-0.867,-1.245,3.26,Pass,NACE SP0169
SEG-03,TP-03-3,2025-07-30,-0.689,-0.98,1.95,Fail,NACE SP0169
SEG-04,TP-04-1,2025-07-30,-0.93,-1.239,0.9,Pass,NACE SP0169
SEG-04,TP-04-2,2025-07-30,-0.739,-0.847,3.08,Fail,NACE SP0169
SEG-04,TP-04-3,2025-07-30,-0.766,-0.965,1.16,Fail,NACE SP0169
SEG-05,TP-05-1,2025-07-30,-0.897,-1.125,1.6,Pass,NACE SP0169
SEG-05,TP-05-2,2025-07-30,-0.794,-0.96,1.29,Fail,NACE SP0169
SEG-05,TP-05-3,2025-07-30,-0.863,-1.191,4.78,Pass,NACE SP0169
SEG-06,TP-06-1,2025-07-30,-0.883,-1.013,0.64,Pass,NACE SP0169
SEG-06,TP-06-2,2025-07-30,-0.862,-1.144,2.64,Pass,NACE SP0169
SEG-06,TP-06-3,2025-07-30,-0.884,-1.112,1.87,Pass,NACE SP0169
SEG-07,TP-07-1,2025-07-30,-0.855,-1.194,3.42,Pass,NACE SP0169
SEG-07,TP-07-2,2025-07-30,-0.93,-1.329,1.35,Pass,NACE SP0169
SEG-07,TP-07-3,2025-07-30,-0.718,-0.857,0.59,Fail,NACE SP0169
SEG-01,TP-01-1,2025-07-31,-0.885,-1.177,4.65,Pass,NACE SP0169
SEG-01,TP-01-2,2025-07-31,-0.913,-1.091,4.93,Pass,NACE SP0169
SEG-01,TP-01-3,2025-07-31,-0.973,-1.247,0.84,Pass,NACE SP0169
SEG-02,TP-02-1,2025-07-31,-0.832,-1.031,2.25,Fail,NACE SP0169
SEG-02,TP-02-2,2025-07-31,-0.803,-1.027,1.8,Fail,NACE SP0169
SEG-02,TP-02-3,2025-07-31,-0.851,-1.129,2.7,Pass,NACE SP0169
SEG-03,TP-03-1,2025-07-31,-0.844,-1.171,4.12,Fail,NACE SP0169
SEG-03,TP-03-2,2025-07-31,-0.971,-1.168,2.89,Pass,NACE SP0169
SEG-03,TP-03-3,2025-07-31,-0.747,-1.109,3.11,Fail,NACE SP0169
SEG-04,TP-04-1,2025-07-31,-0.754,-0.9,4.49,Fail,NACE SP0169
SEG-04,TP-04-2,2025-07-31,-1.006,-1.176,1.13,Pass,NACE SP0169
SEG-04,TP-04-3,2025-07-31,-0.888,-1.104,3.51,Pass,NACE SP0169
SEG-05,TP-05-1,2025-07-31,-0.911,-1.208,1.55,Pass,NACE SP0169
SEG-05,TP-05-2,2025-07-31,-0.866,-1.069,2.48,Pass,NACE SP0169
SEG-05,TP-05-3,2025-07-31,-0.842,-1.021,3.17,Fail,NACE SP0169
SEG-06,TP-06-1,2025-07-31,-0.745,-1.099,3.35,Fail,NACE SP0169
SEG-06,TP-06-2,2025-07-31,-0.853,-1.099,4.64,Pass,NACE SP0169
SEG-06,TP-06-3,2025-07-31,-0.806,-1.089,1.42,Fail,NACE SP0169
SEG-07,TP-07-1,2025-07-31,-0.908,-1.078,2.84,Pass,NACE SP0169
SEG-07,TP-07-2,2025-07-31,-0.7,-1.094,1.0,Fail,NACE SP0169
SEG-07,TP-07-3,2025-07-31,-1.027,-1.284,4.37,Pass,NACE SP0169
SEG-01,TP-01-1,2025-08-01,-0.805,-0.943,3.44,Fail,NACE SP0169
SEG-01,TP-01-2,2025-08-01,-0.784,-1.093,4.96,Fail,NACE SP0169
SEG-01,TP-01-3,2025-08-01,-0.856,-1.039,2.27,Pass,NACE SP0169
SEG-02,TP-02-1,2025-08-01,-0.884,-1.182,0.78,Pass,NACE SP0169
SEG-02,TP-02-2,2025-08-01,-0.858,-0.961,3.85,Pass,NACE SP0169
SEG-02,TP-02-3,2025-08-01,-0.95,-1.121,3.87,Pass,NACE SP0169
SEG-03,TP-03-1,2025-08-01,-0.9,-1.208,3.2,Pass,NACE SP0169
SEG-03,TP-03-2,2025-08-01,-0.805,-1.103,4.4,Fail,NACE SP0169
SEG-03,TP-03-3,2025-08-01,-0.82,-1.119,1.97,Fail,NACE SP0169
SEG-04,TP-04-1,2025-08-01,-0.888,-1.192,0.77,Pass,NACE SP0169
SEG-04,TP-04-2,2025-08-01,-0.881,-1.085,4.47,Pass,NACE SP0169
SEG-04,TP-04-3,2025-08-01,-0.867,-1.0,4.33,Pass,NACE SP0169
SEG-05,TP-05-1,2025-08-01,-0.855,-1.139,3.82,Pass,NACE SP0169
SEG-05,TP-05-2,2025-08-01,-0.824,-1.024,3.53,Fail,NACE SP0169
SEG-05,TP-05-3,2025-08-01,-0.861,-1.179,2.91,Pass,NACE SP0169
SEG-06,TP-06-1,2025-08-01,-0.932,-1.285,3.92,Pass,NACE SP0169
SEG-06,TP-06-2,2025-08-01,-0.887,-1.001,3.55,Pass,NACE SP0169
SEG-06,TP-06-3,2025-08-01,-0.723,-0.885,3.06,Fail,NACE SP0169
SEG-07,TP-07-1,2025-08-01,-0.644,-1.001,3.82,Fail,NACE SP0169
SEG-07,TP-07-2,2025-08-01,-0.902,-1.016,1.44,Pass,NACE SP0169
SEG-07,TP-07-3,2025-08-01,-0.942,-1.066,4.46,Pass,NACE SP0169
SEG-01,TP-01-1,2025-08-02,-1.018,-1.305,1.66,Pass,NACE SP0169
SEG-01,TP-01-2,2025-08-02,-0.903,-1.296,2.17,Pass,NACE SP0169
SEG-01,TP-01-3,2025-08-02,-0.986,-1.235,1.12,Pass,NACE SP0169
SEG-02,TP-02-1,2025-08-02,-0.907,-1.182,2.5,Pass,NACE SP0169
SEG-02,TP-02-2,2025-08-02,-0.87,-1.232,2.15,Pass,NACE SP0169
SEG-02,TP-02-3,2025-08-02,-0.892,-1.007,2.29,Pass,NACE SP0169
SEG-03,TP-03-1,2025-08-02,-0.798,-0.984,2.43,Fail,NACE SP0169
SEG-03,TP-03-2,2025-08-02,-0.785,-0.893,2.23,Fail,NACE SP0169
SEG-03,TP-03-3,2025-08-02,-0.831,-0.951,4.01,Fail,NACE SP0169
SEG-04,TP-04-1,2025-08-02,-0.811,-0.922,4.13,Fail,NACE SP0169
SEG-04,TP-04-2,2025-08-02,-0.796,-0.914,1.59,Fail,NACE SP0169
SEG-04,TP-04-3,2025-08-02,-0.888,-1.187,4.45,Pass,NACE SP0169
SEG-05,TP-05-1,2025-08-02,-0.836,-1.137,4.76,Fail,NACE SP0169
SEG-05,TP-05-2,2025-08-02,-0.908,-1.29,2.07,Pass,NACE SP0169
SEG-05,TP-05-3,2025-08-02,-0.841,-1.237,0.67,Fail,NACE SP0169
SEG-06,TP-06-1,2025-08-02,-0.824,-1.153,1.74,Fail,NACE SP0169
SEG-06,TP-06-2,2025-08-02,-0.887,-1.128,0.72,Pass,NACE SP0169
SEG-06,TP-06-3,2025-08-02,-0.804,-1.115,3.78,Fail,NACE SP0169
SEG-07,TP-07-1,2025-08-02,-0.811,-1.202,3.72,Fail,NACE SP0169
SEG-07,TP-07-2,2025-08-02,-0.901,-1.219,1.56,Pass,NACE SP0169
SEG-07,TP-07-3,2025-08-02,-0.795,-1.126,4.66,Fail,NACE SP0169
SEG-01,TP-01-1,2025-08-03,-0.854,-1.225,1.67,Pass,NACE SP0169
SEG-01,TP-01-2,2025-08-03,-0.884,-1.032,4.32,Pass,NACE SP0169
SEG-01,TP-01-3,2025-08-03,-0.838,-1.09,3.08,Fail,NACE SP0169
SEG-02,TP-02-1,2025-08-03,-0.84,-1.089,3.53,Fail,NACE SP0169
SEG-02,TP-02-2,2025-08-03,-0.839,-1.061,3.2,Fail,NACE SP0169
SEG-02,TP-02-3,2025-08-03,-0.84,-1.152,3.35,Fail,NACE SP0169
SEG-03,TP-03-1,2025-08-03,-0.923,-1.091,0.66,Pass,NACE SP0169
SEG-03,TP-03-2,2025-08-03,-0.75,-0.909,2.87,Fail,NACE SP0169
SEG-03,TP-03-3,2025-08-03,-0.916,-1.202,4.59,Pass,NACE SP0169
SEG-04,TP-04-1,2025-08-03,-0.932,-1.301,2.04,Pass,NACE SP0169
SEG-04,TP-04-2,2025-08-03,-0.85,-1.242,0.53,Fail,NACE SP0169
SEG-04,TP-04-3,2025-08-03,-1.004,-1.3,1.99,Pass,NACE SP0169
SEG-05,TP-05-1,2025-08-03,-0.809,-0.957,2.82,Fail,NACE SP0169
SEG-05,TP-05-2,2025-08-03,-0.933,-1.255,1.35,Pass,NACE SP0169
SEG-05,TP-05-3,2025-08-03,-0.907,-1.284,1.51,Pass,NACE SP0169
SEG-06,TP-06-1,2025-08-03,-0.864,-1.191,2.26,Pass,NACE SP0169
SEG-06,TP-06-2,2025-08-03,-0.841,-1.143,4.83,Fail,NACE SP0169
SEG-06,TP-06-3,2025-08-03,-0.901,-1.183,4.98,Pass,NACE SP0169
SEG-07,TP-07-1,2025-08-03,-0.869,-1.186,4.56,Pass,NACE SP0169
SEG-07,TP-07-2,2025-08-03,-0.859,-1.032,1.79,Pass,NACE SP0169
SEG-07,TP-07-3,2025-08-03,-0.861,-1.097,2.79,Pass,NACE SP0169
SEG-01,TP-01-1,2025-08-04,-0.896,-1.254,4.5,Pass,NACE SP0169
SEG-01,TP-01-2,2025-08-04,-0.839,-1.149,3.13,Fail,NACE SP0169
SEG-01,TP-01-3,2025-08-04,-0.708,-1.026,2.43,Fail,NACE SP0169
SEG-02,TP-02-1,2025-08-04,-0.87,-1.108,2.91,Pass,NACE SP0169
SEG-02,TP-02-2,2025-08-04,-0.838,-1.056,0.92,Fail,NACE SP0169
SEG-02,TP-02-3,2025-08-04,-0.847,-1.242,1.54,Fail,NACE SP0169
SEG-03,TP-03-1,2025-08-04,-0.854,-0.964,3.91,Pass,NACE SP0169
SEG-03,TP-03-2,2025-08-04,-0.758,-0.954,0.51,Fail,NACE SP0169
SEG-03,TP-03-3,2025-08-04,-0.825,-1.15,3.89,Fail,NACE SP0169
SEG-04,TP-04-1,2025-08-04,-0.919,-1.168,3.12,Pass,NACE SP0169
SEG-04,TP-04-2,2025-08-04,-0.826,-1.156,3.36,Fail,NACE SP0169
SEG-04,TP-04-3,2025-08-04,-0.874,-1.04,2.47,Pass,NACE SP0169
SEG-05,TP-05-1,2025-08-04,-0.861,-1.077,4.39,Pass,NACE SP0169
SEG-05,TP-05-2,2025-08-04,-0.807,-1.122,3.89,Fail,NACE SP0169
SEG-05,TP-05-3,2025-08-04,-0.934,-1.067,3.2,Pass,NACE SP0169
SEG-06,TP-06-1,2025-08-04,-0.867,-0.979,3.37,Pass,NACE SP0169
SEG-06,TP-06-2,2025-08-04,-0.837,-1.08,1.07,Fail,NACE SP0169
SEG-06,TP-06-3,2025-08-04,-0.835,-1.101,2.29,Fail,NACE SP0169
SEG-07,TP-07-1,2025-08-04,-0.874,-1.197,4.96,Pass,NACE SP0169
SEG-07,TP-07-2,2025-08-04,-0.82,-1.217,4.66,Fail,NACE SP0169
SEG-07,TP-07-3,2025-08-04,-0.932,-1.091,0.69,Pass,NACE SP0169
SEG-01,TP-01-1,2025-08-05,-0.855,-1.106,4.86,Pass,NACE SP0169
SEG-01,TP-01-2,2025-08-05,-0.692,-1.006,2.74,Fail,NACE SP0169
SEG-01,TP-01-3,2025-08-05,-0.735,-1.04,0.89,Fail,NACE SP0169
SEG-02,TP-02-1,2025-08-05,-0.885,-1.099,1.29,Pass,NACE SP0169
SEG-02,TP-02-2,2025-08-05,-0.865,-1.211,0.97,Pass,NACE SP0169
SEG-02,TP-02-3,2025-08-05,-0.667,-0.982,3.2,Fail,NACE SP0169
SEG-03,TP-03-1,2025-08-05,-0.919,-1.109,1.19,Pass,NACE SP0169
SEG-03,TP-03-2,2025-08-05,-0.765,-0.969,4.28,Fail,NACE SP0169
SEG-03,TP-03-3,2025-08-05,-0.726,-0.939,2.68,Fail,NACE SP0169
SEG-04,TP-04-1,2025-08-05,-0.892,-1.019,3.8,Pass,NACE SP0169
SEG-04,TP-04-2,2025-08-05,-0.928,-1.051,2.98,Pass,NACE SP0169
SEG-04,TP-04-3,2025-08-05,-0.935,-1.178,0.6,Pass,NACE SP0169
SEG-05,TP-05-1,2025-08-05,-0.803,-0.978,2.56,Fail,NACE SP0169
SEG-05,TP-05-2,2025-08-05,-0.85,-1.07,2.75,Fail,NACE SP0169
SEG-05,TP-05-3,2025-08-05,-0.762,-1.047,3.61,Fail,NACE SP0169
SEG-06,TP-06-1,2025-08-05,-0.65,-0.854,0.62,Fail,NACE SP0169
SEG-06,TP-06-2,2025-08-05,-0.794,-1.173,4.47,Fail,NACE SP0169
SEG-06,TP-06-3,2025-08-05,-0.684,-0.986,1.55,Fail,NACE SP0169
SEG-07,TP-07-1,2025-08-05,-0.666,-0.86,2.83,Fail,NACE SP0169
SEG-07,TP-07-2,2025-08-05,-0.821,-1.101,2.13,Fail,NACE SP0169
SEG-07,TP-07-3,2025-08-05,-0.772,-1.141,1.58,Fail,NACE SP0169
SEG-01,TP-01-1,2025-08-06,-0.847,-1.004,4.85,Fail,NACE SP0169
SEG-01,TP-01-2,2025-08-06,-0.901,-1.274,4.35,Pass,NACE SP0169
SEG-01,TP-01-3,2025-08-06,-0.853,-1.109,3.06,Pass,NACE SP0169
SEG-02,TP-02-1,2025-08-06,-0.825,-1.108,2.22,Fail,NACE SP0169
SEG-02,TP-02-2,2025-08-06,-0.796,-0.91,4.78,Fail,NACE SP0169
SEG-02,TP-02-3,2025-08-06,-0.743,-0.995,4.9,Fail,NACE SP0169
SEG-03,TP-03-1,2025-08-06,-0.836,-1.1,2.96,Fail,NACE SP0169
SEG-03,TP-03-2,2025-08-06,-0.766,-1.036,3.41,Fail,NACE SP0169
SEG-03,TP-03-3,2025-08-06,-0.973,-1.352,3.16,Pass,NACE SP0169
SEG-04,TP-04-1,2025-08-06,-0.933,-1.116,3.73,Pass,NACE SP0169
SEG-04,TP-04-2,2025-08-06,-0.958,-1.244,2.25,Pass,NACE SP0169
SEG-04,TP-04-3,2025-08-06,-0.732,-0.937,1.66,Fail,NACE SP0169
SEG-05,TP-05-1,2025-08-06,-0.857,-1.172,1.63,Pass,NACE SP0169
SEG-05,TP-05-2,2025-08-06,-0.815,-1.099,3.73,Fail,NACE SP0169
SEG-05,TP-05-3,2025-08-06,-0.889,-1.281,2.0,Pass,NACE SP0169
SEG-06,TP-06-1,2025-08-06,-0.799,-0.921,3.54,Fail,NACE SP0169
SEG-06,TP-06-2,2025-08-06,-0.898,-1.203,4.18,Pass,NACE SP0169
SEG-06,TP-06-3,2025-08-06,-0.883,-1.045,2.47,Pass,NACE SP0169
SEG-07,TP-07-1,2025-08-06,-0.858,-1.164,1.67,Pass,NACE SP0169
SEG-07,TP-07-2,2025-08-06,-0.832,-1.152,1.31,Fail,NACE SP0169
SEG-07,TP-07-3,2025-08-06,-0.889,-1.152,4.19,Pass,NACE SP0169
SEG-01,TP-01-1,2025-08-07,-0.882,-1.265,1.59,Pass,NACE SP0169
SEG-01,TP-01-2,2025-08-07,-0.992,-1.316,1.37,Pass,NACE SP0169
SEG-01,TP-01-3,2025-08-07,-0.825,-1.141,3.63,Fail,NACE SP0169
SEG-02,TP-02-1,2025-08-07,-0.843,-1.141,1.01,Fail,NACE SP0169
SEG-02,TP-02-2,2025-08-07,-0.937,-1.171,1.5,Pass,NACE SP0169
SEG-02,TP-02-3,2025-08-07,-0.77,-0.985,3.23,Fail,NACE SP0169
SEG-03,TP-03-1,2025-08-07,-0.803,-1.148,3.99,Fail,NACE SP0169
SEG-03,TP-03-2,2025-08-07,-0.851,-1.025,2.33,Pass,NACE SP0169
SEG-03,TP-03-3,2025-08-07,-0.952,-1.139,3.07,Pass,NACE SP0169
SEG-04,TP-04-1,2025-08-07,-0.863,-1.03,1.01,Pass,NACE SP0169
SEG-04,TP-04-2,2025-08-07,-0.858,-1.169,3.17,Pass,NACE SP0169
SEG-04,TP-04-3,2025-08-07,-0.854,-1.131,0.85,Pass,NACE SP0169
SEG-05,TP-05-1,2025-08-07,-0.917,-1.055,2.76,Pass,NACE SP0169
SEG-05,TP-05-2,2025-08-07,-0.886,-1.029,1.32,Pass,NACE SP0169
SEG-05,TP-05-3,2025-08-07,-0.79,-1.141,0.98,Fail,NACE SP0169
SEG-06,TP-06-1,2025-08-07,-0.91,-1.272,3.41,Pass,NACE SP0169
SEG-06,TP-06-2,2025-08-07,-0.914,-1.036,3.23,Pass,NACE SP0169
SEG-06,TP-06-3,2025-08-07,-0.92,-1.264,2.66,Pass,NACE SP0169
SEG-07,TP-07-1,2025-08-07,-0.689,-0.954,4.42,Fail,NACE SP0169
SEG-07,TP-07-2,2025-08-07,-0.861,-1.063,3.16,Pass,NACE SP0169
SEG-07,TP-07-3,2025-08-07,-0.826,-1.092,0.67,Fail,NACE SP0169
SEG-01,TP-01-1,2025-08-08,-0.765,-0.889,1.46,Fail,NACE SP0169
SEG-01,TP-01-2,2025-08-08,-0.814,-1.095,2.02,Fail,NACE SP0169
SEG-01,TP-01-3,2025-08-08,-0.873,-1.06,2.83,Pass,NACE SP0169
SEG-02,TP-02-1,2025-08-08,-0.786,-0.92,0.75,Fail,NACE SP0169
SEG-02,TP-02-2,2025-08-08,-0.874,-0.994,4.75,Pass,NACE SP0169
SEG-02,TP-02-3,2025-08-08,-0.863,-1.031,2.34,Pass,NACE SP0169
SEG-03,TP-03-1,2025-08-08,-0.931,-1.149,2.7,Pass,NACE SP0169
SEG-03,TP-03-2,2025-08-08,-0.781,-1.01,1.75,Fail,NACE SP0169
SEG-03,TP-03-3,2025-08-08,-0.69,-0.963,2.9,Fail,NACE SP0169
SEG-04,TP-04-1,2025-08-08,-0.867,-1.245,1.29,Pass,NACE SP0169
SEG-04,TP-04-2,2025-08-08,-0.78,-1.032,2.26,Fail,NACE SP0169
SEG-04,TP-04-3,2025-08-08,-0.861,-1.022,1.87,Pass,NACE SP0169
SEG-05,TP-05-1,2025-08-08,-0.945,-1.257,3.05,Pass,NACE SP0169
SEG-05,TP-05-2,2025-08-08,-0.961,-1.18,3.81,Pass,NACE SP0169
SEG-05,TP-05-3,2025-08-08,-0.877,-1.259,2.93,Pass,NACE SP0169
SEG-06,TP-06-1,2025-08-08,-0.904,-1.117,4.82,Pass,NACE SP0169
SEG-06,TP-06-2,2025-08-08,-0.785,-1.09,4.1,Fail,NACE SP0169
SEG-06,TP-06-3,2025-08-08,-0.859,-1.219,1.01,Pass,NACE SP0169
SEG-07,TP-07-1,2025-08-08,-0.958,-1.292,4.06,Pass,NACE SP0169
SEG-07,TP-07-2,2025-08-08,-0.887,-1.222,3.01,Pass,NACE SP0169
SEG-07,TP-07-3,2025-08-08,-0.814,-1.197,2.95,Fail,NACE SP0169
SEG-01,TP-01-1,2025-08-09,-0.93,-1.129,1.6,Pass,NACE SP0169
SEG-01,TP-01-2,2025-08-09,-0.884,-1.05,2.44,Pass,NACE SP0169
SEG-01,TP-01-3,2025-08-09,-0.928,-1.274,4.76,Pass,NACE SP0169
SEG-02,TP-02-1,2025-08-09,-0.911,-1.23,0.53,Pass,NACE SP0169
SEG-02,TP-02-2,2025-08-09,-0.781,-1.117,2.91,Fail,NACE SP0169
SEG-02,TP-02-3,2025-08-09,-0.845,-1.06,4.54,Fail,NACE SP0169
SEG-03,TP-03-1,2025-08-09,-0.953,-1.136,4.93,Pass,NACE SP0169
SEG-03,TP-03-2,2025-08-09,-0.906,-1.115,3.64,Pass,NACE SP0169
SEG-03,TP-03-3,2025-08-09,-0.88,-1.157,0.58,Pass,NACE SP0169
SEG-04,TP-04-1,2025-08-09,-0.809,-0.947,0.52,Fail,NACE SP0169
SEG-04,TP-04-2,2025-08-09,-0.902,-1.148,4.63,Pass,NACE SP0169
SEG-04,TP-04-3,2025-08-09,-0.768,-1.062,2.88,Fail,NACE SP0169
SEG-05,TP-05-1,2025-08-09,-0.989,-1.185,2.84,Pass,NACE SP0169
SEG-05,TP-05-2,2025-08-09,-1.011,-1.229,2.22,Pass,NACE SP0169
SEG-05,TP-05-3,2025-08-09,-0.925,-1.148,3.39,Pass,NACE SP0169
SEG-06,TP-06-1,2025-08-09,-0.655,-0.899,4.24,Fail,NACE SP0169
SEG-06,TP-06-2,2025-08-09,-0.905,-1.189,1.24,Pass,NACE SP0169
SEG-06,TP-06-3,2025-08-09,-0.83,-0.998,2.54,Fail,NACE SP0169
SEG-07,TP-07-1,2025-08-09,-0.893,-1.068,1.42,Pass,NACE SP0169
SEG-07,TP-07-2,2025-08-09,-0.768,-0.896,4.53,Fail,NACE SP0169
SEG-07,TP-07-3,2025-08-09,-0.845,-1.081,1.77,Fail,NACE SP0169
SEG-01,TP-01-1,2025-08-10,-0.886,-1.123,2.32,Pass,NACE SP0169
SEG-01,TP-01-2,2025-08-10,-0.808,-1.039,3.18,Fail,NACE SP0169
SEG-01,TP-01-3,2025-08-10,-0.831,-1.145,4.19,Fail,NACE SP0169
SEG-02,TP-02-1,2025-08-10,-0.81,-1.167,1.74,Fail,NACE SP0169
SEG-02,TP-02-2,2025-08-10,-0.916,-1.305,3.89,Pass,NACE SP0169
SEG-02,TP-02-3,2025-08-10,-0.689,-1.049,1.21,Fail,NACE SP0169
SEG-03,TP-03-1,2025-08-10,-0.976,-1.281,4.48,Pass,NACE SP0169
SEG-03,TP-03-2,2025-08-10,-0.936,-1.218,3.35,Pass,NACE SP0169
SEG-03,TP-03-3,2025-08-10,-0.88,-1.124,2.66,Pass,NACE SP0169
SEG-04,TP-04-1,2025-08-10,-0.808,-1.104,0.55,Fail,NACE SP0169
SEG-04,TP-04-2,2025-08-10,-0.73,-1.123,2.37,Fail,NACE SP0169
SEG-04,TP-04-3,2025-08-10,-0.858,-1.24,0.9,Pass,NACE SP0169
SEG-05,TP-05-1,2025-08-10,-0.864,-1.067,3.79,Pass,NACE SP0169
SEG-05,TP-05-2,2025-08-10,-0.835,-1.02,2.42,Fail,NACE SP0169
SEG-05,TP-05-3,2025-08-10,-0.878,-1.238,1.0,Pass,NACE SP0169
SEG-06,TP-06-1,2025-08-10,-0.813,-0.975,3.41,Fail,NACE SP0169
SEG-06,TP-06-2,2025-08-10,-0.913,-1.307,3.74,Pass,NACE SP0169
SEG-06,TP-06-3,2025-08-10,-0.88,-1.179,3.97,Pass,NACE SP0169
SEG-07,TP-07-1,2025-08-10,-0.843,-1.232,3.03,Fail,NACE SP0169
SEG-07,TP-07-2,2025-08-10,-0.879,-1.121,0.53,Pass,NACE SP0169
SEG-07,TP-07-3,2025-08-10,-0.94,-1.336,3.61,Pass,NACE SP0169
SEG-01,TP-01-1,2025-08-11,-0.885,-1.079,2.04,Pass,NACE SP0169
SEG-01,TP-01-2,2025-08-11,-0.85,-1.16,1.09,Fail,NACE SP0169
SEG-01,TP-01-3,2025-08-11,-0.709,-0.898,0.76,Fail,NACE SP0169
SEG-02,TP-02-1,2025-08-11,-0.846,-1.138,3.56,Fail,NACE SP0169
SEG-02,TP-02-2,2025-08-11,-0.867,-1.074,1.99,Pass,NACE SP0169
SEG-02,TP-02-3,2025-08-11,-0.894,-1.149,1.96,Pass,NACE SP0169
SEG-03,TP-03-1,2025-08-11,-0.805,-1.156,3.63,Fail,NACE SP0169
SEG-03,TP-03-2,2025-08-11,-0.87,-1.244,3.51,Pass,NACE SP0169
SEG-03,TP-03-3,2025-08-11,-0.897,-1.032,2.64,Pass,NACE SP0169
SEG-04,TP-04-1,2025-08-11,-0.862,-1.071,2.67,Pass,NACE SP0169
SEG-04,TP-04-2,2025-08-11,-0.608,-0.818,3.02,Fail,NACE SP0169
SEG-04,TP-04-3,2025-08-11,-0.975,-1.078,3.49,Pass,NACE SP0169
SEG-05,TP-05-1,2025-08-11,-0.822,-1.015,1.76,Fail,NACE SP0169
SEG-05,TP-05-2,2025-08-11,-0.971,-1.23,3.05,Pass,NACE SP0169
SEG-05,TP-05-3,2025-08-11,-0.89,-1.249,0.99,Pass,NACE SP0169
SEG-06,TP-06-1,2025-08-11,-0.796,-1.037,3.14,Fail,NACE SP0169
SEG-06,TP-06-2,2025-08-11,-0.791,-0.99,4.11,Fail,NACE SP0169
SEG-06,TP-06-3,2025-08-11,-0.856,-1.115,0.66,Pass,NACE SP0169
SEG-07,TP-07-1,2025-08-11,-0.901,-1.094,2.76,Pass,NACE SP0169
SEG-07,TP-07-2,2025-08-11,-0.78,-0.952,3.58,Fail,NACE SP0169
SEG-07,TP-07-3,2025-08-11,-0.797,-1.132,3.76,Fail,NACE SP0169
SEG-01,TP-01-1,2025-08-12,-0.742,-0.864,1.26,Fail,NACE SP0169
SEG-01,TP-01-2,2025-08-12,-0.932,-1.153,3.78,Pass,NACE SP0169
SEG-01,TP-01-3,2025-08-12,-0.862,-1.245,2.85,Pass,NACE SP0169
SEG-02,TP-02-1,2025-08-12,-0.75,-1.143,0.58,Fail,NACE SP0169
SEG-02,TP-02-2,2025-08-12,-0.832,-1.094,1.36,Fail,NACE SP0169
SEG-02,TP-02-3,2025-08-12,-0.893,-1.044,0.76,Pass,NACE SP0169
SEG-03,TP-03-1,2025-08-12,-0.911,-1.045,0.57,Pass,NACE SP0169
SEG-03,TP-03-2,2025-08-12,-0.938,-1.192,3.47,Pass,NACE SP0169
SEG-03,TP-03-3,2025-08-12,-0.83,-1.202,2.16,Fail,NACE SP0169
SEG-04,TP-04-1,2025-08-12,-0.706,-1.018,4.4,Fail,NACE SP0169
SEG-04,TP-04-2,2025-08-12,-0.71,-0.937,3.08,Fail,NACE SP0169
SEG-04,TP-04-3,2025-08-12,-0.886,-1.053,2.68,Pass,NACE SP0169
SEG-05,TP-05-1,2025-08-12,-0.766,-1.163,1.87,Fail,NACE SP0169
SEG-05,TP-05-2,2025-08-12,-0.863,-1.009,1.81,Pass,NACE SP0169
SEG-05,TP-05-3,2025-08-12,-0.894,-1.249,2.39,Pass,NACE SP0169
SEG-06,TP-06-1,2025-08-12,-1.066,-1.44,4.45,Pass,NACE SP0169
SEG-06,TP-06-2,2025-08-12,-0.748,-0.866,2.5,Fail,NACE SP0169
SEG-06,TP-06-3,2025-08-12,-0.781,-1.092,3.09,Fail,NACE SP0169
SEG-07,TP-07-1,2025-08-12,-0.721,-0.936,2.68,Fail,NACE SP0169
SEG-07,TP-07-2,2025-08-12,-0.982,-1.232,4.75,Pass,NACE SP0169
SEG-07,TP-07-3,2025-08-12,-0.811,-1.141,3.25,Fail,NACE SP0169
SEG-01,TP-01-1,2025-08-13,-0.956,-1.346,3.66,Pass,NACE SP0169
SEG-01,TP-01-2,2025-08-13,-0.836,-1.13,2.68,Fail,NACE SP0169
SEG-01,TP-01-3,2025-08-13,-0.722,-0.936,3.61,Fail,NACE SP0169
SEG-02,TP-02-1,2025-08-13,-0.889,-1.233,1.41,Pass,NACE SP0169
SEG-02,TP-02-2,2025-08-13,-0.942,-1.094,1.82,Pass,NACE SP0169
SEG-02,TP-02-3,2025-08-13,-0.868,-1.021,2.64,Pass,NACE SP0169
SEG-03,TP-03-1,2025-08-13,-0.865,-1.092,3.92,Pass,NACE SP0169
SEG-03,TP-03-2,2025-08-13,-0.86,-1.133,3.64,Pass,NACE SP0169
SEG-03,TP-03-3,2025-08-13,-0.751,-0.863,0.66,Fail,NACE SP0169
SEG-04,TP-04-1,2025-08-13,-0.736,-0.974,1.71,Fail,NACE SP0169
SEG-04,TP-04-2,2025-08-13,-0.833,-1.136,3.94,Fail,NACE SP0169
SEG-04,TP-04-3,2025-08-13,-0.709,-1.053,0.96,Fail,NACE SP0169
SEG-05,TP-05-1,2025-08-13,-0.931,-1.122,0.5,Pass,NACE SP0169
SEG-05,TP-05-2,2025-08-13,-0.875,-1.037,0.84,Pass,NACE SP0169
SEG-05,TP-05-3,2025-08-13,-0.856,-1.188,3.27,Pass,NACE SP0169
SEG-06,TP-06-1,2025-08-13,-0.911,-1.162,1.98,Pass,NACE SP0169
SEG-06,TP-06-2,2025-08-13,-0.786,-1.174,2.9,Fail,NACE SP0169
SEG-06,TP-06-3,2025-08-13,-0.92,-1.096,0.82,Pass,NACE SP0169
SEG-07,TP-07-1,2025-08-13,-1.015,-1.333,2.18,Pass,NACE SP0169
SEG-07,TP-07-2,2025-08-13,-0.742,-1.09,2.86,Fail,NACE SP0169
SEG-07,TP-07-3,2025-08-13,-0.93,-1.072,4.9,Pass,NACE SP0169
SEG-01,TP-01-1,2025-08-14,-0.773,-1.051,3.4,Fail,NACE SP0169
SEG-01,TP-01-2,2025-08-14,-0.802,-0.944,0.73,Fail,NACE SP0169
SEG-01,TP-01-3,2025-08-14,-0.806,-0.944,3.94,Fail,NACE SP0169
SEG-02,TP-02-1,2025-08-14,-0.923,-1.171,2.27,Pass,NACE SP0169
SEG-02,TP-02-2,2025-08-14,-0.893,-1.067,1.49,Pass,NACE SP0169
SEG-02,TP-02-3,2025-08-14,-1.014,-1.203,3.98,Pass,NACE SP0169
SEG-03,TP-03-1,2025-08-14,-0.972,-1.157,4.51,Pass,NACE SP0169
SEG-03,TP-03-2,2025-08-14,-0.883,-1.075,4.51,Pass,NACE SP0169
SEG-03,TP-03-3,2025-08-14,-0.849,-1.2,4.26,Fail,NACE SP0169
SEG-04,TP-04-1,2025-08-14,-0.969,-1.173,1.7,Pass,NACE SP0169
SEG-04,TP-04-2,2025-08-14,-0.791,-1.178,2.08,Fail,NACE SP0169
SEG-04,TP-04-3,2025-08-14,-0.935,-1.165,4.11,Pass,NACE SP0169
SEG-05,TP-05-1,2025-08-14,-0.975,-1.342,0.66,Pass,NACE SP0169
SEG-05,TP-05-2,2025-08-14,-0.892,-1.257,1.5,Pass,NACE SP0169
SEG-05,TP-05-3,2025-08-14,-0.843,-1.233,2.93,Fail,NACE SP0169
SEG-06,TP-06-1,2025-08-14,-0.811,-1.133,1.43,Fail,NACE SP0169
SEG-06,TP-06-2,2025-08-14,-0.891,-1.256,2.99,Pass,NACE SP0169
SEG-06,TP-06-3,2025-08-14,-0.728,-1.058,1.25,Fail,NACE SP0169
SEG-07,TP-07-1,2025-08-14,-0.735,-0.955,1.44,Fail,NACE SP0169
SEG-07,TP-07-2,2025-08-14,-1.006,-1.208,2.29,Pass,NACE SP0169
SEG-07,TP-07-3,2025-08-14,-0.808,-1.064,2.83,Fail,NACE SP0169
SEG-01,TP-01-1,2025-08-15,-0.91,-1.189,2.37,Pass,NACE SP0169
SEG-01,TP-01-2,2025-08-15,-0.93,-1.171,2.62,Pass,NACE SP0169
SEG-01,TP-01-3,2025-08-15,-0.982,-1.222,1.99,Pass,NACE SP0169
SEG-02,TP-02-1,2025-08-15,-0.919,-1.08,3.75,Pass,NACE SP0169
SEG-02,TP-02-2,2025-08-15,-0.726,-1.081,4.56,Fail,NACE SP0169
SEG-02,TP-02-3,2025-08-15,-1.029,-1.323,0.73,Pass,NACE SP0169
SEG-03,TP-03-1,2025-08-15,-0.9,-1.189,2.2,Pass,NACE SP0169
SEG-03,TP-03-2,2025-08-15,-0.75,-1.074,1.15,Fail,NACE SP0169
SEG-03,TP-03-3,2025-08-15,-0.852,-1.012,3.95,Pass,NACE SP0169
SEG-04,TP-04-1,2025-08-15,-0.82,-1.029,1.95,Fail,NACE SP0169
SEG-04,TP-04-2,2025-08-15,-0.78,-0.94,3.53,Fail,NACE SP0169
SEG-04,TP-04-3,2025-08-15,-0.886,-1.018,4.59,Pass,NACE SP0169
SEG-05,TP-05-1,2025-08-15,-0.918,-1.041,3.03,Pass,NACE SP0169
SEG-05,TP-05-2,2025-08-15,-0.865,-1.001,0.64,Pass,NACE SP0169
SEG-05,TP-05-3,2025-08-15,-0.755,-0.875,3.21,Fail,NACE SP0169
SEG-06,TP-06-1,2025-08-15,-0.784,-1.12,3.42,Fail,NACE SP0169
SEG-06,TP-06-2,2025-08-15,-0.78,-1.174,2.49,Fail,NACE SP0169
SEG-06,TP-06-3,2025-08-15,-0.907,-1.214,3.54,Pass,NACE SP0169
SEG-07,TP-07-1,2025-08-15,-0.762,-1.005,2.42,Fail,NACE SP0169
SEG-07,TP-07-2,2025-08-15,-0.792,-1.131,3.55,Fail,NACE SP0169
SEG-07,TP-07-3,2025-08-15,-0.795,-0.959,4.17,Fail,NACE SP0169
SEG-01,TP-01-1,2025-08-16,-0.808,-1.032,3.51,Fail,NACE SP0169
SEG-01,TP-01-2,2025-08-16,-0.916,-1.291,3.32,Pass,NACE SP0169
SEG-01,TP-01-3,2025-08-16,-0.935,-1.21,1.46,Pass,NACE SP0169
SEG-02,TP-02-1,2025-08-16,-0.903,-1.225,3.06,Pass,NACE SP0169
SEG-02,TP-02-2,2025-08-16,-0.829,-1.217,4.41,Fail,NACE SP0169
SEG-02,TP-02-3,2025-08-16,-0.839,-1.133,4.75,Fail,NACE SP0169
SEG-03,TP-03-1,2025-08-16,-0.857,-1.073,2.04,Pass,NACE SP0169
SEG-03,TP-03-2,2025-08-16,-0.931,-1.145,3.24,Pass,NACE SP0169
SEG-03,TP-03-3,2025-08-16,-0.937,-1.059,4.11,Pass,NACE SP0169
SEG-04,TP-04-1,2025-08-16,-0.835,-1.035,4.38,Fail,NACE SP0169
SEG-04,TP-04-2,2025-08-16,-0.91,-1.037,2.75,Pass,NACE SP0169
SEG-04,TP-04-3,2025-08-16,-0.83,-1.217,2.92,Fail,NACE SP0169
SEG-05,TP-05-1,2025-08-16,-0.905,-1.255,3.32,Pass,NACE SP0169
SEG-05,TP-05-2,2025-08-16,-0.891,-1.105,1.66,Pass,NACE SP0169
SEG-05,TP-05-3,2025-08-16,-0.806,-0.928,3.42,Fail,NACE SP0169
SEG-06,TP-06-1,2025-08-16,-0.737,-0.997,4.88,Fail,NACE SP0169
SEG-06,TP-06-2,2025-08-16,-0.753,-0.98,1.3,Fail,NACE SP0169
SEG-06,TP-06-3,2025-08-16,-0.837,-1.232,3.54,Fail,NACE SP0169
SEG-07,TP-07-1,2025-08-16,-0.816,-0.967,1.32,Fail,NACE SP0169
SEG-07,TP-07-2,2025-08-16,-0.909,-1.276,4.71,Pass,NACE SP0169
SEG-07,TP-07-3,2025-08-16,-0.902,-1.232,1.12,Pass,NACE SP0169
SEG-01,TP-01-1,2025-08-17,-0.917,-1.071,4.09,Pass,NACE SP0169
SEG-01,TP-01-2,2025-08-17,-0.902,-1.223,1.54,Pass,NACE SP0169
SEG-01,TP-01-3,2025-08-17,-0.923,-1.237,4.17,Pass,NACE SP0169
SEG-02,TP-02-1,2025-08-17,-0.759,-0.924,4.13,Fail,NACE SP0169
SEG-02,TP-02-2,2025-08-17,-0.792,-1.165,1.07,Fail,NACE SP0169
SEG-02,TP-02-3,2025-08-17,-0.777,-1.134,2.95,Fail,NACE SP0169
SEG-03,TP-03-1,2025-08-17,-0.722,-1.111,4.09,Fail,NACE SP0169
SEG-03,TP-03-2,2025-08-17,-0.811,-1.065,1.21,Fail,NACE SP0169
SEG-03,TP-03-3,2025-08-17,-0.948,-1.345,4.31,Pass,NACE SP0169
SEG-04,TP-04-1,2025-08-17,-0.815,-1.096,0.88,Fail,NACE SP0169
SEG-04,TP-04-2,2025-08-17,-0.72,-0.888,3.31,Fail,NACE SP0169
SEG-04,TP-04-3,2025-08-17,-0.828,-0.963,4.41,Fail,NACE SP0169
SEG-05,TP-05-1,2025-08-17,-0.849,-1.023,2.34,Fail,NACE SP0169
SEG-05,TP-05-2,2025-08-17,-0.747,-1.135,1.58,Fail,NACE SP0169
SEG-05,TP-05-3,2025-08-17,-0.841,-1.22,4.68,Fail,NACE SP0169
SEG-06,TP-06-1,2025-08-17,-1.046,-1.263,4.18,Pass,NACE SP0169
SEG-06,TP-06-2,2025-08-17,-0.86,-1.003,1.93,Pass,NACE SP0169
SEG-06,TP-06-3,2025-08-17,-0.806,-0.972,4.55,Fail,NACE SP0169
SEG-07,TP-07-1,2025-08-17,-0.841,-1.11,3.54,Fail,NACE SP0169
SEG-07,TP-07-2,2025-08-17,-0.888,-1.021,2.43,Pass,NACE SP0169
SEG-07,TP-07-3,2025-08-17,-1.003,-1.147,0.68,Pass,NACE SP0169
SEG-01,TP-01-1,2025-08-18,-0.813,-1.059,1.46,Fail,NACE SP0169
SEG-01,TP-01-2,2025-08-18,-0.696,-0.923,2.5,Fail,NACE SP0169
SEG-01,TP-01-3,2025-08-18,-0.798,-1.043,2.75,Fail,NACE SP0169
SEG-02,TP-02-1,2025-08-18,-0.885,-1.148,2.23,Pass,NACE SP0169
SEG-02,TP-02-2,2025-08-18,-0.676,-0.953,2.76,Fail,NACE SP0169
SEG-02,TP-02-3,2025-08-18,-0.861,-0.989,1.1,Pass,NACE SP0169
SEG-03,TP-03-1,2025-08-18,-0.796,-1.066,3.15,Fail,NACE SP0169
SEG-03,TP-03-2,2025-08-18,-0.946,-1.105,2.39,Pass,NACE SP0169
SEG-03,TP-03-3,2025-08-18,-0.643,-0.92,3.17,Fail,NACE SP0169
SEG-04,TP-04-1,2025-08-18,-0.836,-1.216,2.72,Fail,NACE SP0169
SEG-04,TP-04-2,2025-08-18,-0.836,-0.999,3.46,Fail,NACE SP0169
SEG-04,TP-04-3,2025-08-18,-0.917,-1.156,4.42,Pass,NACE SP0169
SEG-05,TP-05-1,2025-08-18,-0.858,-0.96,4.3,Pass,NACE SP0169
SEG-05,TP-05-2,2025-08-18,-0.912,-1.277,1.02,Pass,NACE SP0169
SEG-05,TP-05-3,2025-08-18,-0.751,-1.078,3.4,Fail,NACE SP0169
SEG-06,TP-06-1,2025-08-18,-0.859,-1.241,3.05,Pass,NACE SP0169
SEG-06,TP-06-2,2025-08-18,-0.894,-1.28,4.72,Pass,NACE SP0169
SEG-06,TP-06-3,2025-08-18,-0.813,-0.999,2.03,Fail,NACE SP0169
SEG-07,TP-07-1,2025-08-18,-0.738,-1.092,2.71,Fail,NACE SP0169
SEG-07,TP-07-2,2025-08-18,-0.781,-0.893,2.3,Fail,NACE SP0169
SEG-07,TP-07-3,2025-08-18,-0.751,-0.934,2.81,Fail,NACE SP0169
SEG-01,TP-01-1,2025-08-19,-0.825,-1.162,2.27,Fail,NACE SP0169
SEG-01,TP-01-2,2025-08-19,-0.819,-0.927,3.16,Fail,NACE SP0169
SEG-01,TP-01-3,2025-08-19,-0.965,-1.076,1.61,Pass,NACE SP0169
SEG-02,TP-02-1,2025-08-19,-0.85,-1.006,4.65,Fail,NACE SP0169
SEG-02,TP-02-2,2025-08-19,-0.713,-1.104,1.76,Fail,NACE SP0169
SEG-02,TP-02-3,2025-08-19,-0.789,-1.148,1.44,Fail,NACE SP0169
SEG-03,TP-03-1,2025-08-19,-0.897,-1.123,4.56,Pass,NACE SP0169
SEG-03,TP-03-2,2025-08-19,-0.87,-1.215,3.4,Pass,NACE SP0169
SEG-03,TP-03-3,2025-08-19,-0.917,-1.306,3.48,Pass,NACE SP0169
SEG-04,TP-04-1,2025-08-19,-0.941,-1.332,4.02,Pass,NACE SP0169
SEG-04,TP-04-2,2025-08-19,-0.844,-1.068,2.7,Fail,NACE SP0169
SEG-04,TP-04-3,2025-08-19,-0.927,-1.254,0.58,Pass,NACE SP0169
SEG-05,TP-05-1,2025-08-19,-0.889,-1.147,3.2,Pass,NACE SP0169
SEG-05,TP-05-2,2025-08-19,-0.803,-0.915,3.45,Fail,NACE SP0169
SEG-05,TP-05-3,2025-08-19,-0.933,-1.221,4.38,Pass,NACE SP0169
SEG-06,TP-06-1,2025-08-19,-0.777,-0.965,1.6,Fail,NACE SP0169
SEG-06,TP-06-2,2025-08-19,-0.809,-0.978,0.6,Fail,NACE SP0169
SEG-06,TP-06-3,2025-08-19,-0.777,-1.123,0.64,Fail,NACE SP0169
SEG-07,TP-07-1,2025-08-19,-0.806,-1.09,3.68,Fail,NACE SP0169
SEG-07,TP-07-2,2025-08-19,-0.844,-1.109,2.07,Fail,NACE SP0169
SEG-07,TP-07-3,2025-08-19,-0.877,-0.986,2.05,Pass,NACE SP0169
SEG-01,TP-01-1,2025-08-20,-0.838,-1.106,3.74,Fail,NACE SP0169
SEG-01,TP-01-2,2025-08-20,-0.757,-0.896,1.05,Fail,NACE SP0169
SEG-01,TP-01-3,2025-08-20,-0.771,-1.037,0.89,Fail,NACE SP0169
SEG-02,TP-02-1,2025-08-20,-0.855,-1.065,2.37,Pass,NACE SP0169
SEG-02,TP-02-2,2025-08-20,-0.82,-1.06,4.06,Fail,NACE SP0169
SEG-02,TP-02-3,2025-08-20,-0.77,-1.153,4.43,Fail,NACE SP0169
SEG-03,TP-03-1,2025-08-20,-0.916,-1.05,0.62,Pass,NACE SP0169
SEG-03,TP-03-2,2025-08-20,-0.734,-1.004,4.05,Fail,NACE SP0169
SEG-03,TP-03-3,2025-08-20,-0.97,-1.285,4.31,Pass,NACE SP0169
SEG-04,TP-04-1,2025-08-20,-0.888,-1.05,3.66,Pass,NACE SP0169
SEG-04,TP-04-2,2025-08-20,-0.894,-1.087,1.85,Pass,NACE SP0169
SEG-04,TP-04-3,2025-08-20,-0.816,-0.958,0.86,Fail,NACE SP0169
SEG-05,TP-05-1,2025-08-20,-0.955,-1.216,1.26,Pass,NACE SP0169
SEG-05,TP-05-2,2025-08-20,-0.735,-1.045,2.29,Fail,NACE SP0169
SEG-05,TP-05-3,2025-08-20,-0.747,-0.865,0.83,Fail,NACE SP0169
SEG-06,TP-06-1,2025-08-20,-1.009,-1.383,0.6,Pass,NACE SP0169
SEG-06,TP-06-2,2025-08-20,-0.768,-0.896,0.82,Fail,NACE SP0169
SEG-06,TP-06-3,2025-08-20,-0.839,-1.165,2.95,Fail,NACE SP0169
SEG-07,TP-07-1,2025-08-20,-0.807,-1.181,2.13,Fail,NACE SP0169
SEG-07,TP-07-2,2025-08-20,-0.826,-1.219,2.31,Fail,NACE SP0169
SEG-07,TP-07-3,2025-08-20,-0.858,-1.004,4.01,Pass,NACE SP0169
SEG-01,TP-01-1,2025-08-21,-0.904,-1.035,0.55,Pass,NACE SP0169
SEG-01,TP-01-2,2025-08-21,-0.916,-1.088,2.95,Pass,NACE SP0169
SEG-01,TP-01-3,2025-08-21,-0.772,-1.058,4.6,Fail,NACE SP0169
SEG-02,TP-02-1,2025-08-21,-0.714,-1.044,4.99,Fail,NACE SP0169
SEG-02,TP-02-2,2025-08-21,-0.857,-0.971,2.7,Pass,NACE SP0169
SEG-02,TP-02-3,2025-08-21,-0.853,-1.105,4.16,Pass,NACE SP0169
SEG-03,TP-03-1,2025-08-21,-0.735,-0.889,1.33,Fail,NACE SP0169
SEG-03,TP-03-2,2025-08-21,-0.718,-0.929,4.96,Fail,NACE SP0169
SEG-03,TP-03-3,2025-08-21,-0.731,-1.105,4.28,Fail,NACE SP0169
SEG-04,TP-04-1,2025-08-21,-0.727,-0.84,4.22,Fail,NACE SP0169
SEG-04,TP-04-2,2025-08-21,-0.868,-1.201,0.83,Pass,NACE SP0169
SEG-04,TP-04-3,2025-08-21,-0.871,-1.258,3.34,Pass,NACE SP0169
SEG-05,TP-05-1,2025-08-21,-0.867,-1.182,0.51,Pass,NACE SP0169
SEG-05,TP-05-2,2025-08-21,-0.81,-1.197,3.64,Fail,NACE SP0169
SEG-05,TP-05-3,2025-08-21,-0.808,-0.974,2.67,Fail,NACE SP0169
SEG-06,TP-06-1,2025-08-21,-0.986,-1.22,1.15,Pass,NACE SP0169
SEG-06,TP-06-2,2025-08-21,-0.786,-0.978,2.64,Fail,NACE SP0169
SEG-06,TP-06-3,2025-08-21,-0.807,-1.075,1.51,Fail,NACE SP0169
SEG-07,TP-07-1,2025-08-21,-0.786,-1.047,1.88,Fail,NACE SP0169
SEG-07,TP-07-2,2025-08-21,-0.757,-1.016,3.05,Fail,NACE SP0169
SEG-07,TP-07-3,2025-08-21,-0.898,-1.127,2.18,Pass,NACE SP0169
SEG-01,TP-01-1,2025-08-22,-0.823,-1.086,2.85,Fail,NACE SP0169
SEG-01,TP-01-2,2025-08-22,-0.809,-1.145,4.48,Fail,NACE SP0169
SEG-01,TP-01-3,2025-08-22,-0.698,-1.095,1.36,Fail,NACE SP0169
SEG-02,TP-02-1,2025-08-22,-0.756,-0.857,2.97,Fail,NACE SP0169
SEG-02,TP-02-2,2025-08-22,-0.765,-0.904,1.02,Fail,NACE SP0169
SEG-02,TP-02-3,2025-08-22,-0.856,-1.212,4.3,Pass,NACE SP0169
SEG-03,TP-03-1,2025-08-22,-0.902,-1.189,3.48,Pass,NACE SP0169
SEG-03,TP-03-2,2025-08-22,-0.781,-1.033,2.33,Fail,NACE SP0169
SEG-03,TP-03-3,2025-08-22,-0.868,-1.211,4.49,Pass,NACE SP0169
SEG-04,TP-04-1,2025-08-22,-0.808,-1.137,0.9,Fail,NACE SP0169
SEG-04,TP-04-2,2025-08-22,-0.805,-0.979,4.81,Fail,NACE SP0169
SEG-04,TP-04-3,2025-08-22,-0.831,-0.934,4.29,Fail,NACE SP0169
SEG-05,TP-05-1,2025-08-22,-0.865,-1.256,2.08,Pass,NACE SP0169
SEG-05,TP-05-2,2025-08-22,-0.865,-0.995,1.29,Pass,NACE SP0169
SEG-05,TP-05-3,2025-08-22,-0.876,-1.107,3.2,Pass,NACE SP0169
SEG-06,TP-06-1,2025-08-22,-0.953,-1.055,4.63,Pass,NACE SP0169
SEG-06,TP-06-2,2025-08-22,-0.969,-1.184,1.26,Pass,NACE SP0169
SEG-06,TP-06-3,2025-08-22,-0.879,-1.006,3.14,Pass,NACE SP0169
SEG-07,TP-07-1,2025-08-22,-0.913,-1.081,1.44,Pass,NACE SP0169
SEG-07,TP-07-2,2025-08-22,-0.952,-1.249,3.51,Pass,NACE SP0169
SEG-07,TP-07-3,2025-08-22,-0.756,-0.96,3.03,Fail,NACE SP0169
SEG-01,TP-01-1,2025-08-23,-1.003,-1.348,4.58,Pass,NACE SP0169
SEG-01,TP-01-2,2025-08-23,-0.694,-0.815,1.61,Fail,NACE SP0169
SEG-01,TP-01-3,2025-08-23,-0.852,-1.216,2.93,Pass,NACE SP0169
SEG-02,TP-02-1,2025-08-23,-0.927,-1.239,1.88,Pass,NACE SP0169
SEG-02,TP-02-2,2025-08-23,-0.893,-1.162,1.02,Pass,NACE SP0169
SEG-02,TP-02-3,2025-08-23,-0.75,-0.921,4.43,Fail,NACE SP0169
SEG-03,TP-03-1,2025-08-23,-0.797,-0.95,1.21,Fail,NACE SP0169
SEG-03,TP-03-2,2025-08-23,-0.919,-1.303,3.34,Pass,NACE SP0169
SEG-03,TP-03-3,2025-08-23,-0.769,-1.091,1.16,Fail,NACE SP0169
SEG-04,TP-04-1,2025-08-23,-0.918,-1.058,1.29,Pass,NACE SP0169
SEG-04,TP-04-2,2025-08-23,-0.876,-1.036,1.12,Pass,NACE SP0169
SEG-04,TP-04-3,2025-08-23,-0.907,-1.279,4.03,Pass,NACE SP0169
SEG-05,TP-05-1,2025-08-23,-0.888,-1.262,2.4,Pass,NACE SP0169
SEG-05,TP-05-2,2025-08-23,-0.859,-1.066,0.77,Pass,NACE SP0169
SEG-05,TP-05-3,2025-08-23,-0.821,-1.073,2.71,Fail,NACE SP0169
SEG-06,TP-06-1,2025-08-23,-0.757,-1.024,2.22,Fail,NACE SP0169
SEG-06,TP-06-2,2025-08-23,-0.825,-0.964,1.17,Fail,NACE SP0169
SEG-06,TP-06-3,2025-08-23,-0.889,-1.028,3.56,Pass,NACE SP0169
SEG-07,TP-07-1,2025-08-23,-0.775,-0.925,2.77,Fail,NACE SP0169
SEG-07,TP-07-2,2025-08-23,-0.705,-0.988,2.14,Fail,NACE SP0169
SEG-07,TP-07-3,2025-08-23,-0.82,-0.966,2.49,Fail,NACE SP0169
SEG-01,TP-01-1,2025-08-24,-0.857,-1.245,2.14,Pass,NACE SP0169
SEG-01,TP-01-2,2025-08-24,-0.846,-1.24,4.41,Fail,NACE SP0169
SEG-01,TP-01-3,2025-08-24,-0.708,-0.832,2.82,Fail,NACE SP0169
SEG-02,TP-02-1,2025-08-24,-0.937,-1.27,3.25,Pass,NACE SP0169
SEG-02,TP-02-2,2025-08-24,-0.892,-1.236,2.43,Pass,NACE SP0169
SEG-02,TP-02-3,2025-08-24,-0.942,-1.1,2.38,Pass,NACE SP0169
SEG-03,TP-03-1,2025-08-24,-0.726,-0.9,1.15,Fail,NACE SP0169
SEG-03,TP-03-2,2025-08-24,-0.956,-1.306,2.93,Pass,NACE SP0169
SEG-03,TP-03-3,2025-08-24,-0.8,-1.036,0.77,Fail,NACE SP0169
SEG-04,TP-04-1,2025-08-24,-0.832,-0.972,0.78,Fail,NACE SP0169
SEG-04,TP-04-2,2025-08-24,-0.792,-1.015,0.91,Fail,NACE SP0169
SEG-04,TP-04-3,2025-08-24,-0.9,-1.118,0.89,Pass,NACE SP0169
SEG-05,TP-05-1,2025-08-24,-0.903,-1.172,2.99,Pass,NACE SP0169
SEG-05,TP-05-2,2025-08-24,-0.757,-1.067,1.04,Fail,NACE SP0169
SEG-05,TP-05-3,2025-08-24,-0.862,-1.206,0.84,Pass,NACE SP0169
SEG-06,TP-06-1,2025-08-24,-0.952,-1.337,1.84,Pass,NACE SP0169
SEG-06,TP-06-2,2025-08-24,-0.837,-1.177,4.54,Fail,NACE SP0169
SEG-06,TP-06-3,2025-08-24,-0.888,-1.15,3.09,Pass,NACE SP0169
SEG-07,TP-07-1,2025-08-24,-0.839,-1.033,3.83,Fail,NACE SP0169
SEG-07,TP-07-2,2025-08-24,-0.802,-1.099,3.0,Fail,NACE SP0169
SEG-07,TP-07-3,2025-08-24,-0.927,-1.093,1.38,Pass,NACE SP0169
SEG-01,TP-01-1,2025-08-25,-0.883,-1.184,2.24,Pass,NACE SP0169
SEG-01,TP-01-2,2025-08-25,-0.905,-1.132,3.99,Pass,NACE SP0169
SEG-01,TP-01-3,2025-08-25,-1.04,-1.182,2.7,Pass,NACE SP0169
SEG-02,TP-02-1,2025-08-25,-0.768,-0.958,2.82,Fail,NACE SP0169
SEG-02,TP-02-2,2025-08-25,-0.817,-1.029,1.09,Fail,NACE SP0169
SEG-02,TP-02-3,2025-08-25,-0.923,-1.096,1.49,Pass,NACE SP0169
SEG-03,TP-03-1,2025-08-25,-0.718,-0.858,3.18,Fail,NACE SP0169
SEG-03,TP-03-2,2025-08-25,-0.88,-1.051,0.67,Pass,NACE SP0169
SEG-03,TP-03-3,2025-08-25,-0.796,-1.057,3.88,Fail,NACE SP0169
SEG-04,TP-04-1,2025-08-25,-0.739,-0.947,3.58,Fail,NACE SP0169
SEG-04,TP-04-2,2025-08-25,-0.887,-1.068,3.09,Pass,NACE SP0169
SEG-04,TP-04-3,2025-08-25,-0.815,-1.034,1.82,Fail,NACE SP0169
SEG-05,TP-05-1,2025-08-25,-0.82,-0.945,3.3,Fail,NACE SP0169
SEG-05,TP-05-2,2025-08-25,-0.653,-0.854,4.8,Fail,NACE SP0169
SEG-05,TP-05-3,2025-08-25,-0.768,-0.964,0.83,Fail,NACE SP0169
SEG-06,TP-06-1,2025-08-25,-0.917,-1.221,4.82,Pass,NACE SP0169
SEG-06,TP-06-2,2025-08-25,-0.782,-1.131,2.85,Fail,NACE SP0169
SEG-06,TP-06-3,2025-08-25,-0.836,-1.121,3.37,Fail,NACE SP0169
SEG-07,TP-07-1,2025-08-25,-0.772,-1.082,2.99,Fail,NACE SP0169
SEG-07,TP-07-2,2025-08-25,-0.913,-1.088,4.26,Pass,NACE SP0169
SEG-07,TP-07-3,2025-08-25,-0.894,-1.136,1.37,Pass,NACE SP0169
SEG-01,TP-01-1,2025-08-26,-0.835,-1.114,4.94,Fail,NACE SP0169
SEG-01,TP-01-2,2025-08-26,-0.921,-1.138,2.6,Pass,NACE SP0169
SEG-01,TP-01-3,2025-08-26,-0.788,-0.968,0.83,Fail,NACE SP0169
SEG-02,TP-02-1,2025-08-26,-0.778,-1.075,1.09,Fail,NACE SP0169
SEG-02,TP-02-2,2025-08-26,-0.885,-0.997,3.89,Pass,NACE SP0169
SEG-02,TP-02-3,2025-08-26,-0.761,-0.94,4.78,Fail,NACE SP0169
SEG-03,TP-03-1,2025-08-26,-0.814,-1.152,3.5,Fail,NACE SP0169
SEG-03,TP-03-2,2025-08-26,-0.928,-1.133,1.31,Pass,NACE SP0169
SEG-03,TP-03-3,2025-08-26,-0.981,-1.248,4.34,Pass,NACE SP0169
SEG-04,TP-04-1,2025-08-26,-0.857,-1.183,0.56,Pass,NACE SP0169
SEG-04,TP-04-2,2025-08-26,-0.947,-1.091,2.51,Pass,NACE SP0169
SEG-04,TP-04-3,2025-08-26,-0.743,-0.903,0.86,Fail,NACE SP0169
SEG-05,TP-05-1,2025-08-26,-0.894,-1.284,5.0,Pass,NACE SP0169
SEG-05,TP-05-2,2025-08-26,-0.722,-0.985,3.09,Fail,NACE SP0169
SEG-05,TP-05-3,2025-08-26,-0.847,-1.077,3.96,Fail,NACE SP0169
SEG-06,TP-06-1,2025-08-26,-0.801,-1.141,1.13,Fail,NACE SP0169
SEG-06,TP-06-2,2025-08-26,-0.815,-1.067,0.83,Fail,NACE SP0169
SEG-06,TP-06-3,2025-08-26,-0.891,-1.155,4.07,Pass,NACE SP0169
SEG-07,TP-07-1,2025-08-26,-0.905,-1.066,2.74,Pass,NACE SP0169
SEG-07,TP-07-2,2025-08-26,-0.835,-1.102,1.86,Fail,NACE SP0169
SEG-07,TP-07-3,2025-08-26,-0.872,-1.232,3.19,Pass,NACE SP0169
SEG-01,TP-01-1,2025-08-27,-0.777,-0.925,3.01,Fail,NACE SP0169
SEG-01,TP-01-2,2025-08-27,-0.894,-1.178,2.2,Pass,NACE SP0169
SEG-01,TP-01-3,2025-08-27,-0.864,-1.081,4.52,Pass,NACE SP0169
SEG-02,TP-02-1,2025-08-27,-0.875,-1.19,4.02,Pass,NACE SP0169
SEG-02,TP-02-2,2025-08-27,-0.915,-1.237,4.13,Pass,NACE SP0169
SEG-02,TP-02-3,2025-08-27,-0.968,-1.182,2.16,Pass,NACE SP0169
SEG-03,TP-03-1,2025-08-27,-0.801,-1.064,2.06,Fail,NACE SP0169
SEG-03,TP-03-2,2025-08-27,-0.904,-1.01,1.04,Pass,NACE SP0169
SEG-03,TP-03-3,2025-08-27,-0.817,-1.008,1.26,Fail,NACE SP0169
SEG-04,TP-04-1,2025-08-27,-0.94,-1.253,0.75,Pass,NACE SP0169
SEG-04,TP-04-2,2025-08-27,-0.9,-1.279,2.66,Pass,NACE SP0169
SEG-04,TP-04-3,2025-08-27,-0.82,-1.013,4.64,Fail,NACE SP0169
SEG-05,TP-05-1,2025-08-27,-0.75,-1.142,2.6,Fail,NACE SP0169
SEG-05,TP-05-2,2025-08-27,-0.891,-1.203,3.04,Pass,NACE SP0169
SEG-05,TP-05-3,2025-08-27,-0.765,-1.08,4.85,Fail,NACE SP0169
SEG-06,TP-06-1,2025-08-27,-1.047,-1.148,4.98,Pass,NACE SP0169
SEG-06,TP-06-2,2025-08-27,-0.915,-1.169,4.46,Pass,NACE SP0169
SEG-06,TP-06-3,2025-08-27,-0.894,-1.239,0.64,Pass,NACE SP0169
SEG-07,TP-07-1,2025-08-27,-0.903,-1.102,2.64,Pass,NACE SP0169
SEG-07,TP-07-2,2025-08-27,-0.844,-1.151,3.04,Fail,NACE SP0169
SEG-07,TP-07-3,2025-08-27,-0.814,-1.047,2.66,Fail,NACE SP0169
SEG-01,TP-01-1,2025-08-28,-0.8,-1.077,1.05,Fail,NACE SP0169
SEG-01,TP-01-2,2025-08-28,-0.721,-0.97,3.15,Fail,NACE SP0169
SEG-01,TP-01-3,2025-08-28,-0.84,-1.026,3.12,Fail,NACE SP0169
SEG-02,TP-02-1,2025-08-28,-0.808,-1.075,4.06,Fail,NACE SP0169
SEG-02,TP-02-2,2025-08-28,-0.816,-1.119,3.34,Fail,NACE SP0169
SEG-02,TP-02-3,2025-08-28,-0.9,-1.169,0.9,Pass,NACE SP0169
SEG-03,TP-03-1,2025-08-28,-0.867,-1.144,3.51,Pass,NACE SP0169
SEG-03,TP-03-2,2025-08-28,-0.883,-1.127,4.49,Pass,NACE SP0169
SEG-03,TP-03-3,2025-08-28,-0.964,-1.066,2.97,Pass,NACE SP0169
SEG-04,TP-04-1,2025-08-28,-0.94,-1.31,3.98,Pass,NACE SP0169
SEG-04,TP-04-2,2025-08-28,-0.87,-1.109,2.12,Pass,NACE SP0169
SEG-04,TP-04-3,2025-08-28,-0.916,-1.167,1.37,Pass,NACE SP0169
SEG-05,TP-05-1,2025-08-28,-0.92,-1.304,0.94,Pass,NACE SP0169
SEG-05,TP-05-2,2025-08-28,-0.878,-1.154,1.42,Pass,NACE SP0169
SEG-05,TP-05-3,2025-08-28,-0.804,-1.059,3.07,Fail,NACE SP0169
SEG-06,TP-06-1,2025-08-28,-0.833,-1.206,2.42,Fail,NACE SP0169
SEG-06,TP-06-2,2025-08-28,-0.816,-1.157,2.56,Fail,NACE SP0169
SEG-06,TP-06-3,2025-08-28,-0.899,-1.061,2.38,Pass,NACE SP0169
SEG-07,TP-07-1,2025-08-28,-0.946,-1.315,1.15,Pass,NACE SP0169
SEG-07,TP-07-2,2025-08-28,-0.869,-1.118,1.69,Pass,NACE SP0169
SEG-07,TP-07-3,2025-08-28,-0.841,-1.151,2.94,Fail,NACE SP0169
SEG-01,TP-01-1,2025-08-29,-0.909,-1.264,1.37,Pass,NACE SP0169
SEG-01,TP-01-2,2025-08-29,-0.709,-1.058,1.28,Fail,NACE SP0169
SEG-01,TP-01-3,2025-08-29,-0.858,-1.112,2.32,Pass,NACE SP0169
SEG-02,TP-02-1,2025-08-29,-0.913,-1.025,2.99,Pass,NACE SP0169
SEG-02,TP-02-2,2025-08-29,-0.706,-0.968,1.83,Fail,NACE SP0169
SEG-02,TP-02-3,2025-08-29,-0.785,-1.043,1.62,Fail,NACE SP0169
SEG-03,TP-03-1,2025-08-29,-0.87,-1.126,3.48,Pass,NACE SP0169
SEG-03,TP-03-2,2025-08-29,-0.958,-1.248,4.38,Pass,NACE SP0169
SEG-03,TP-03-3,2025-08-29,-0.847,-1.179,4.35,Fail,NACE SP0169
SEG-04,TP-04-1,2025-08-29,-0.981,-1.205,0.65,Pass,NACE SP0169
SEG-04,TP-04-2,2025-08-29,-0.963,-1.081,3.23,Pass,NACE SP0169
SEG-04,TP-04-3,2025-08-29,-0.886,-0.991,2.45,Pass,NACE SP0169
SEG-05,TP-05-1,2025-08-29,-0.861,-1.103,0.59,Pass,NACE SP0169
SEG-05,TP-05-2,2025-08-29,-0.857,-1.218,4.5,Pass,NACE SP0169
SEG-05,TP-05-3,2025-08-29,-0.674,-0.984,1.57,Fail,NACE SP0169
SEG-06,TP-06-1,2025-08-29,-0.777,-1.062,2.45,Fail,NACE SP0169
SEG-06,TP-06-2,2025-08-29,-0.805,-0.982,1.98,Fail,NACE SP0169
SEG-06,TP-06-3,2025-08-29,-0.831,-1.202,1.85,Fail,NACE SP0169
SEG-07,TP-07-1,2025-08-29,-0.729,-1.09,1.39,Fail,NACE SP0169
SEG-07,TP-07-2,2025-08-29,-0.821,-1.112,4.11,Fail,NACE SP0169
SEG-07,TP-07-3,2025-08-29,-0.884,-1.267,4.96,Pass,NACE SP0169
